real_name,dmf_0,dmf_1,dmf_2,dmf_3,dmf_4,dmf_5,dmf_6,dma_0,dma_1,dma_2,dma_3,dma_4,dma_5,dma_6,mma_0,mma_1,mma_2,mma_3,mma_4,mma_5,mma_6
0,0.082090999999999997305,0.06084699999999999831,0.043889999999999998459,0.031658999999999999642,0.022835999999999998661,0.01647200000000000053,0.011882000000000000201,0,0.020085999999999999688,0.033811000000000000776,0.041570999999999996843,0.04526600000000000068,0.046239000000000002322,0.045435999999999997223,0,0.0011562000000000000229,0.004385299999999999962,0.0088482999999999999152,0.013962000000000000452,0.01933100000000000096,0.024695999999999999203
1,0.082090999999999997305,0.069880999999999998673,0.058623000000000001497,0.049179000000000000492,0.041256000000000001005,0.034609000000000000874,0.02903400000000000078,0,0.011695000000000000534,0.021407999999999999946,0.028535999999999998866,0.0335859999999999978,0.036973999999999999921,0.039042000000000000315,0,0.00050971999999999996478,0.0020222000000000000391,0.0042531000000000001096,0.0069721999999999995784,0.0099971000000000000835,0.013185000000000000539
2,0.082090999999999997305,0.059288000000000000422,0.041571999999999997844,0.029149000000000001298,0.020438999999999998836,0.014330999999999999989,0.01004900000000000064,0,0.020366999999999999688,0.031712999999999998135,0.035978999999999997095,0.036061000000000002774,0.033825000000000000899,0.030450000000000001371,0,0.0024087000000000001639,0.0085977999999999991931,0.016328999999999999765,0.024260000000000000314,0.031642000000000003457,0.038100000000000001921
3,0.082090999999999997305,0.071415999999999993375,0.061346999999999998754,0.052698000000000001786,0.045268999999999996742,0.038886999999999997957,0.033404000000000003134,0,0.0079199999999999999567,0.011329000000000000528,0.012047999999999999682,0.011535000000000000114,0.010515000000000000041,0.009342800000000000063,0,0.0027396000000000000213,0.0092993999999999993333,0.017006000000000000283,0.024594000000000001277,0.031517000000000003346,0.037581000000000003292
4,0.082090999999999997305,0.059501999999999999336,0.041884999999999998621,0.029483999999999999792,0.020754999999999999144,0.014609999999999999723,0.010285000000000000739,0,0.022041000000000001563,0.03809499999999999692,0.048272000000000002407,0.054370000000000001661,0.057648999999999998856,0.05899299999999999683,0,0.0005463399999999999767,0.0021010999999999998428,0.004302799999999999854,0.0068970999999999997587,0.0097076999999999996627,0.012614000000000000212
5,0.082090999999999997305,0.071817000000000005833,0.062070000000000000173,0.053645999999999999241,0.046365000000000003433,0.04007200000000000345,0.034632999999999997121,0,0.0069012999999999999692,0.0091021999999999995273,0.0091284999999999994619,0.008396900000000000544,0.0074612000000000002972,0.0065306000000000001202,0,0.0033411000000000000594,0.010692000000000000115,0.018672000000000001096,0.026045999999999999708,0.032439999999999996616,0.037808000000000001328
6,0.082090999999999997305,0.050396999999999997355,0.02959799999999999931,0.017382999999999999147,0.010208999999999999325,0.0059953999999999996878,0.0035209999999999998244,0,0.030741999999999998494,0.049014000000000002011,0.057889999999999997016,0.061358999999999996877,0.061755999999999998396,0.06044800000000000173,0,0.00093570000000000002997,0.0033530999999999999174,0.0064340999999999998887,0.0097105999999999997874,0.012923999999999999724,0.015938000000000000778
7,0.082090999999999997305,0.069809999999999997056,0.058499000000000002386,0.049021000000000002073,0.0410780000000000034,0.034422000000000001207,0.028844999999999999113,0,0.01171799999999999925,0.021346000000000000391,0.028313999999999998891,0.033156999999999998974,0.036316000000000001058,0.038148000000000001353,0,0.0005551100000000000435,0.0021849000000000000365,0.0045586000000000003254,0.007411899999999999912,0.010538999999999999757,0.013782000000000000847
8,0.082090999999999997305,0.063739000000000003987,0.04836399999999999727,0.036698000000000001453,0.027845999999999999225,0.021128999999999998477,0.016032000000000001111,0,0.017965999999999999331,0.032203000000000002456,0.042195000000000003337,0.049001000000000002887,0.053423999999999999266,0.056071000000000002783,0,0.00038573999999999997613,0.0015223999999999999252,0.0031933999999999998845,0.0052334000000000000311,0.007518399999999999736,0.0099561000000000007132
9,0.082090999999999997305,0.057357999999999999263,0.038792000000000000093,0.026235000000000001374,0.017742999999999998356,0.01200000000000000025,0.0081156000000000005912,0,0.024067000000000001586,0.040765999999999996684,0.050716999999999998194,0.05617799999999999877,0.058671000000000000929,0.059223999999999998867,0,0.00066529000000000002198,0.0025298000000000000174,0.0051297000000000000583,0.0081513999999999996182,0.011386999999999999553,0.014699999999999999525
10,0.082090999999999997305,0.050188999999999997503,0.029343000000000001026,0.01715500000000000011,0.010030000000000000721,0.0058639000000000000151,0.0034283000000000000106,0,0.018356000000000000788,0.016836000000000000271,0.011646999999999999367,0.0073419999999999995682,0.0044498000000000002829,0.0026481000000000000198,0,0.013539999999999999952,0.035875999999999998169,0.05319900000000000323,0.06455800000000000427,0.071534000000000000363,0.075683000000000000274
11,0.082090999999999997305,0.064523999999999998023,0.049619000000000003381,0.038157000000000003415,0.029343000000000001026,0.022564000000000000723,0.017351999999999999369,0,0.017205999999999999073,0.031043999999999998679,0.040926999999999998103,0.047799000000000001209,0.052387999999999997069,0.0552510000000000015,0,0.00035407999999999999804,0.0013786000000000000077,0.0028500000000000001027,0.0045989000000000003834,0.0064996000000000003424,0.0084598999999999993649
12,0.082090999999999997305,0.052646999999999999353,0.032427999999999998493,0.0199739999999999987,0.0123029999999999997,0.0075777999999999999872,0.0046674999999999997741,0,0.027636000000000000842,0.04313100000000000267,0.04949400000000000327,0.05061999999999999833,0.048860000000000000653,0.045622000000000002828,0,0.0017922000000000000864,0.0064111000000000003055,0.012253999999999999268,0.018388999999999999097,0.024302000000000000685,0.029725999999999998952
13,0.082090999999999997305,0.047634999999999996789,0.026307000000000000522,0.014527999999999999248,0.0080233999999999999764,0.0044310000000000000428,0.0024470999999999997962,0,0.029836999999999998939,0.040448999999999998844,0.040203000000000002623,0.035515999999999998959,0.029535999999999999754,0.023706000000000001376,0,0.0046145999999999999519,0.015303999999999999895,0.027268000000000000571,0.038366999999999998328,0.047817999999999999394,0.055487000000000001598
14,0.082090999999999997305,0.068850999999999995538,0.056830999999999999572,0.046908999999999999309,0.038719000000000003414,0.031960000000000002296,0.026380000000000000671,0,0.011088000000000000633,0.01743700000000000111,0.020018999999999998601,0.020344000000000000972,0.019387000000000001454,0.017764999999999999541,0,0.0021034000000000000613,0.007450000000000000025,0.0140339999999999996,0.020668999999999999873,0.026707000000000001572,0.031835000000000002185
15,0.082090999999999997305,0.065554000000000001158,0.051289000000000001256,0.040127999999999997005,0.031396000000000000296,0.02456399999999999903,0.019218999999999999972,0,0.0093582000000000005457,0.010179000000000000548,0.0087226000000000004919,0.0070258999999999998537,0.0055504999999999998783,0.0043569000000000003558,0,0.0070305000000000002908,0.019657000000000000861,0.030717000000000001247,0.038994000000000000883,0.044722999999999998866,0.048397999999999996579
16,0.082090999999999997305,0.041841999999999997251,0.020060000000000001441,0.0096171999999999993602,0.0046106000000000002884,0.0022103999999999999516,0.0010597000000000000083,0,0.033218999999999998529,0.040203000000000002623,0.03576200000000000212,0.028343000000000000138,0.021193000000000000033,0.01532500000000000008,0,0.0069331000000000002001,0.021155000000000000193,0.034868000000000003158,0.045611999999999999766,0.053102000000000003366,0.057808999999999999275
17,0.082090999999999997305,0.071854000000000001203,0.06213699999999999779,0.053733999999999997044,0.046467000000000001358,0.040183000000000003438,0.034749000000000002109,0,0.0079809000000000008407,0.011995000000000000454,0.013299000000000000057,0.013181999999999999273,0.012364999999999999256,0.011247999999999999318,0,0.0022548999999999997865,0.0079518999999999995937,0.015037000000000000019,0.022398999999999998772,0.029468000000000001137,0.035979999999999998095
18,0.082090999999999997305,0.067793999999999993156,0.055022000000000001463,0.044656000000000001249,0.03624299999999999744,0.029415000000000000174,0.023873999999999999388,0,0.014045999999999999458,0.026058000000000001301,0.035268000000000000738,0.042223999999999997645,0.047370000000000002383,0.05106399999999999828,0,0.0002501299999999999921,0.0010097999999999999338,0.0021635999999999998983,0.0036169000000000001496,0.0052934000000000001884,0.0071321999999999999981
19,0.082090999999999997305,0.070250999999999994006,0.059274000000000000299,0.050012000000000000899,0.042196999999999998399,0.035603000000000002701,0.030040000000000000729,0,0.0094357999999999993962,0.014288000000000000353,0.015887999999999999345,0.015726000000000000395,0.014675000000000000544,0.013233999999999999236,0,0.0024028000000000000747,0.0085217000000000001081,0.016168999999999999345,0.02412100000000000008,0.031732000000000003259,0.038695000000000000229
20,0.082090999999999997305,0.065175999999999997825,0.050673000000000002763,0.039397000000000001463,0.030630999999999998507,0.023814999999999999364,0.018515000000000000208,0,0.014212999999999999939,0.021752000000000000501,0.024260000000000000314,0.023906000000000000166,0.022051000000000001156,0.019522000000000001158,0,0.0026629000000000001627,0.0093655999999999999667,0.017531000000000001443,0.025676999999999998436,0.033023999999999997801,0.03922199999999999992
21,0.082090999999999997305,0.038314000000000000834,0.016684999999999998443,0.0072661999999999995689,0.0031643000000000000987,0.0013780000000000001015,0.00060011999999999999372,0,0.042333000000000002572,0.060502000000000000224,0.065755999999999995009,0.065554000000000001158,0.063131999999999993678,0.059893000000000001792,0,0.001443099999999999895,0.0048977999999999998967,0.0090515999999999999237,0.013337999999999999162,0.01752000000000000085,0.021506999999999998341
22,0.082090999999999997305,0.071415999999999993375,0.061346999999999998754,0.052698000000000001786,0.045268999999999996742,0.038886999999999997957,0.033404000000000003134,0,0.00756879999999999966,0.010403000000000000788,0.010727999999999999689,0.010038000000000000048,0.0090005999999999992262,0.007905099999999999974,0,0.0030655000000000000825,0.010042000000000000579,0.017804000000000000381,0.025056999999999999412,0.031336000000000002741,0.036541999999999998094
23,0.082090999999999997305,0.063831999999999999851,0.048511999999999999567,0.036868999999999998995,0.028019999999999999768,0.021295000000000001428,0.016184000000000000469,0,0.017864000000000001406,0.032018999999999998851,0.041947999999999999177,0.048703000000000003233,0.053081000000000003181,0.055687000000000000388,0,0.00039488000000000001398,0.0015584999999999999895,0.0032688999999999999307,0.0053566999999999998297,0.0076946000000000002242,0.01018799999999999914
24,0.082090999999999997305,0.066144999999999995466,0.052261000000000001897,0.041291000000000001313,0.032622999999999999221,0.025774999999999999301,0.020365000000000001157,0,0.015640000000000001124,0.028605999999999999484,0.038198999999999996846,0.045152999999999998693,0.050047000000000001207,0.053337000000000002464,0,0.00030235999999999999856,0.0011939999999999999659,0.00250259999999999979,0.0040927999999999997369,0.0058602999999999997108,0.0077254000000000003223
25,0.082090999999999997305,0.048601999999999999369,0.027436999999999999583,0.015488000000000000031,0.0087431999999999995832,0.0049356000000000000566,0.0027861999999999999614,0,0.022884000000000001562,0.024136999999999998734,0.018614999999999999603,0.012727999999999999731,0.0081720000000000004442,0.0050521999999999997466,0,0.01040899999999999985,0.029232000000000001039,0.044646999999999999187,0.054530000000000002081,0.059735000000000003373,0.06165600000000000247
26,0.082090999999999997305,0.056864999999999998881,0.038097999999999999921,0.025524000000000001548,0.017100000000000000616,0.01145700000000000017,0.0076756999999999997106,0,0.024576000000000000623,0.041524999999999999412,0.051564999999999999725,0.057047000000000000486,0.059539000000000001644,0.060089999999999997582,0,0.00064961999999999995008,0.0024659000000000000363,0.0049934000000000002689,0.0079264000000000001123,0.011063999999999999183,0.014274999999999999495
27,0.082090999999999997305,0.054463999999999998525,0.034812000000000002664,0.022250999999999999945,0.014222000000000000267,0.0090906000000000007633,0.0058104999999999996929,0,0.022891000000000001624,0.031415999999999999481,0.031385999999999997234,0.027675999999999999213,0.022820000000000000007,0.01804100000000000148,0,0.0047174000000000000654,0.015730000000000000926,0.0280690000000000002,0.039417000000000000648,0.048895000000000000961,0.056346000000000000252
28,0.082090999999999997305,0.071259000000000002895,0.061066000000000002224,0.052331000000000002514,0.044845000000000002915,0.038429999999999998883,0.032932999999999996998,0,0.0094128000000000006803,0.015675000000000001432,0.019033999999999998837,0.020434999999999998305,0.020546999999999999292,0.019842999999999999527,0,0.0014183999999999999993,0.0053455000000000004248,0.0107119999999999993,0.016779999999999999777,0.023058999999999999636,0.029229000000000001508
29,0.082090999999999997305,0.045823000000000002618,0.024257999999999998314,0.012841999999999999249,0.006798000000000000223,0.0035986999999999998157,0.0019051000000000000659,0,0.031254999999999998062,0.041418999999999997486,0.04031200000000000061,0.034930000000000002713,0.028536999999999999866,0.022531999999999999945,0,0.0049867999999999995664,0.016223999999999998839,0.02839300000000000157,0.039280000000000002414,0.048176999999999997604,0.055056000000000000771
30,0.082090999999999997305,0.062697000000000002728,0.046725999999999996704,0.034822999999999999787,0.025953000000000000375,0.019342000000000001553,0.014415000000000000729,0,0.018960999999999998689,0.03366700000000000248,0.043723999999999998978,0.050359000000000000985,0.05448299999999999671,0.056773999999999998078,0,0.00043251999999999998564,0.0016964000000000000346,0.0035379999999999999123,0.0057673000000000003776,0.0082445000000000000923,0.010867999999999999189
31,0.082090999999999997305,0.071776999999999993585,0.061996999999999996556,0.053550000000000000377,0.046254000000000003445,0.039952000000000001401,0.03450799999999999701,0,0.0055929999999999998814,0.0063376999999999999308,0.0058225000000000004183,0.0051097000000000000058,0.0044320999999999995816,0.0038324999999999999692,0,0.0047079000000000001055,0.013667999999999999594,0.022481999999999998513,0.030274999999999999828,0.036978999999999997983,0.042695999999999997843
32,0.082090999999999997305,0.052617999999999998106,0.032390000000000002123,0.019938999999999998392,0.012274000000000000188,0.0075554999999999997162,0.0046509999999999997525,0,0.02823000000000000162,0.04514300000000000257,0.053213999999999997415,0.056037999999999997536,0.055814000000000002499,0.053879000000000003279,0,0.0012421999999999999448,0.0045522000000000001699,0.0089236000000000002819,0.013747999999999999804,0.018666999999999999565,0.02347700000000000134
33,0.082090999999999997305,0.065006999999999995343,0.050397999999999998355,0.039072000000000002562,0.030290999999999998482,0.023484000000000001401,0.018205999999999999961,0,0.016737999999999999406,0.030318000000000001198,0.040114999999999997882,0.047010000000000003173,0.051684000000000000774,0.054665999999999999315,0,0.00034562999999999998238,0.0013735999999999999946,0.0028996999999999998471,0.0047803000000000003475,0.0069052999999999996328,0.0091906000000000001582
34,0.082090999999999997305,0.071742000000000000215,0.061934000000000002939,0.053467000000000000637,0.046157999999999997642,0.039848000000000001475,0.034401000000000001022,0,0.010226000000000000714,0.019650000000000000799,0.027514000000000000262,0.034037999999999998813,0.039411000000000001586,0.043798999999999997657,0,0.00012217999999999999911,0.00050398000000000000957,0.0011022000000000000113,0.0018787000000000000748,0.0028010000000000001043,0.0038411999999999999096
35,0.082090999999999997305,0.058027000000000002189,0.039745000000000002549,0.02722199999999999967,0.01864499999999999838,0.012770999999999999366,0.008746900000000000161,0,0.023425999999999998907,0.039912999999999997092,0.049916000000000002035,0.055546999999999999154,0.058249000000000002164,0.059007999999999997953,0,0.00063666000000000004706,0.0024302999999999998215,0.0049449000000000003369,0.0078817000000000001642,0.011039999999999999467,0.014286000000000000087
36,0.082090999999999997305,0.071824999999999999956,0.062084000000000000297,0.053664000000000003365,0.046385999999999996679,0.040095999999999999697,0.034658000000000001306,0,0.010149999999999999301,0.019526000000000001688,0.027370999999999999497,0.033899999999999999578,0.039296999999999998598,0.043721999999999996978,0,0.00011587999999999999505,0.00047748000000000001596,0.0010430000000000000902,0.0017757000000000000648,0.0026440999999999999226,0.0036212000000000001999
37,0.082090999999999997305,0.051496000000000000107,0.030963000000000000939,0.018617000000000001603,0.011194000000000000825,0.0067304000000000000978,0.0040467999999999997029,0,0.029728000000000000952,0.047935999999999999444,0.057176999999999998658,0.061123999999999997779,0.061978999999999999371,0.061060999999999997223,0,0.00085871000000000005051,0.0031275000000000000716,0.0060968999999999997155,0.0093454999999999996407,0.012628999999999999601,0.015810999999999998666
38,0.082090999999999997305,0.049864999999999999603,0.028948000000000001508,0.016805000000000000493,0.0097555000000000002824,0.0056632999999999995844,0.0032877000000000001709,0,0.031283999999999999309,0.049709999999999997244,0.058569000000000003003,0.061981000000000001371,0.062332999999999999519,0.061002000000000000668,0,0.00094103999999999997546,0.0034298000000000002097,0.0067058999999999998817,0.01033000000000000064,0.014052000000000000254,0.017732999999999998764
39,0.082090999999999997305,0.061670999999999996655,0.045141000000000000569,0.033042000000000001925,0.024185999999999999166,0.017704000000000000986,0.012959000000000000033,0,0.019713999999999998886,0.034217999999999998417,0.043429000000000002324,0.048865999999999999714,0.051632999999999998342,0.052531000000000001304,0,0.00070573000000000000748,0.0027285000000000000225,0.0056107999999999999888,0.0090205000000000007399,0.012722000000000000669,0.016549000000000001209
40,0.082090999999999997305,0.071765999999999996461,0.061977999999999998371,0.053525999999999997192,0.046225000000000002198,0.039920999999999998153,0.034475999999999999701,0,0.0096191999999999996257,0.01731699999999999906,0.022689000000000000834,0.026234000000000000374,0.028355000000000001731,0.029378999999999998866,0,0.0007001800000000000081,0.0027533000000000001917,0.0057401999999999999899,0.0093276999999999995333,0.013258000000000000687,0.017334999999999999715
41,0.082090999999999997305,0.071833999999999995079,0.06210100000000000342,0.053686999999999998612,0.046413000000000002865,0.040123999999999999944,0.034687999999999996614,0,0.00697090000000000036,0.0092835000000000000853,0.0093737000000000004346,0.0086616000000000002018,0.0077188999999999998933,0.0067685999999999996168,0,0.0032721999999999998483,0.010609000000000000374,0.018751000000000000306,0.02645799999999999888,0.033319000000000001394,0.039255999999999999228
42,0.082090999999999997305,0.071784000000000000585,0.062010999999999996679,0.053568999999999998562,0.046274999999999996692,0.039974999999999996647,0.034533000000000001195,0,0.010186999999999999875,0.019587000000000000244,0.027442999999999998645,0.033971000000000001195,0.039357999999999997154,0.043765999999999999348,0,0.00011888999999999999503,0.00049098000000000001884,0.0010748999999999999441,0.0018343999999999999195,0.0027380999999999998222,0.0037593000000000001415
43,0.082090999999999997305,0.071731000000000003092,0.061913999999999996815,0.05344100000000000239,0.046128000000000002334,0.039815000000000003166,0.034367000000000001714,0,0.0062170000000000003038,0.0075244999999999999385,0.0071475999999999996135,0.00636689999999999999,0.005555299999999999995,0.0048130999999999998437,0,0.0040650000000000000369,0.012118999999999999564,0.020052000000000000379,0.026810000000000000497,0.032252000000000002888,0.036486999999999998601
44,0.082090999999999997305,0.062685000000000004605,0.046706999999999998519,0.034800999999999998602,0.025930999999999999189,0.019321000000000001368,0.01439600000000000081,0,0.018956000000000000627,0.033618000000000002048,0.043606999999999999929,0.050159000000000002195,0.054192999999999998118,0.056390999999999996684,0,0.00044351999999999998196,0.0017094000000000000253,0.0035005000000000001392,0.0055989999999999998104,0.0078484000000000001679,0.010137999999999999443
45,0.082090999999999997305,0.045163000000000001755,0.023532999999999998364,0.01226200000000000033,0.0063893999999999999406,0.003329299999999999881,0.0017348000000000001006,0,0.017861999999999999406,0.013332000000000000101,0.0077399000000000000785,0.0041894000000000002418,0.0022138000000000001427,0.0011595999999999999971,0,0.019057999999999998553,0.045178999999999996939,0.061976000000000003309,0.071318999999999993511,0.076264999999999999458,0.078821000000000002172
46,0.082090999999999997305,0.064429000000000000159,0.049466000000000003023,0.037977999999999997871,0.029157999999999999891,0.022387000000000000649,0.017187999999999998418,0,0.0125839999999999997,0.016275000000000001271,0.015611999999999999142,0.013454999999999999946,0.011022000000000000547,0.0087889000000000005314,0,0.0050749000000000002442,0.016334999999999998826,0.028459000000000001657,0.039394999999999999463,0.048545999999999998875,0.055916000000000000425
47,0.082090999999999997305,0.071784000000000000585,0.062010000000000002618,0.053566999999999996562,0.04627300000000000163,0.039973000000000001586,0.034529999999999998195,0,0.010186999999999999875,0.019585999999999999244,0.027439000000000001583,0.033964000000000001134,0.039347000000000000031,0.043750999999999998225,0,0.00011927999999999999638,0.00049167999999999998165,0.0010744999999999999343,0.0018301000000000000861,0.0027263999999999999173,0.0037355999999999999449
48,0.082090999999999997305,0.052387000000000003008,0.03209399999999999753,0.019661999999999998923,0.012045000000000000151,0.0073793000000000000954,0.0045208000000000001656,0,0.020986000000000001181,0.023848999999999998672,0.019831000000000001404,0.014628000000000000377,0.010139000000000000443,0.0067705999999999998823,0,0.0087046999999999992437,0.0260570000000000003,0.042352000000000000757,0.054950999999999999845,0.063838000000000005851,0.069763000000000005563
49,0.082090999999999997305,0.070791000000000006698,0.060229999999999998817,0.051244999999999998885,0.043599999999999999867,0.037095999999999997032,0.031561999999999999778,0,0.010706999999999999504,0.019494999999999998441,0.025836999999999998856,0.030221999999999998865,0.033054000000000000048,0.034660999999999997367,0,0.00059069999999999999243,0.0023503000000000000454,0.0049582000000000002807,0.0081539000000000003837,0.011730000000000000843,0.015525000000000000605
50,0.082090999999999997305,0.071855000000000002203,0.06213799999999999879,0.053735999999999999044,0.046469000000000003359,0.040185999999999999499,0.03475199999999999817,0,0.0088971999999999992065,0.014890000000000000457,0.018173999999999999183,0.019616999999999999021,0.019835999999999999466,0.019268000000000000405,0,0.0013381000000000000533,0.0050584999999999996287,0.010167999999999999955,0.015974999999999999617,0.022016999999999998378,0.02798899999999999999
51,0.082090999999999997305,0.053798999999999999599,0.033929000000000000825,0.021398000000000000353,0.013495000000000000051,0.0085108000000000006563,0.0053674999999999998754,0,0.027518999999999998324,0.045280000000000000804,0.054942999999999998784,0.059583999999999998076,0.061137999999999997902,0.060821000000000000063,0,0.00076818000000000003467,0.0028497000000000001496,0.0056495000000000000079,0.0087945999999999996399,0.012056000000000000744,0.015294999999999999568
52,0.082090999999999997305,0.044974000000000000088,0.023328000000000001513,0.012099999999999999645,0.0062763000000000002815,0.0032555000000000001471,0.0016885999999999999534,0,0.035991000000000002157,0.054776999999999999302,0.062372999999999997889,0.064293000000000002925,0.063390000000000001901,0.061134000000000000841,0,0.0011218000000000000541,0.0039614000000000003376,0.0075433000000000001786,0.011365000000000000102,0.015173999999999999988,0.01884800000000000017
53,0.082090999999999997305,0.060544000000000000594,0.043434000000000000385,0.031160000000000000198,0.022353999999999998871,0.016036999999999999172,0.011504999999999999602,0,0.020716999999999999305,0.035477000000000001589,0.044443999999999997397,0.049382000000000002282,0.051547999999999996601,0.051832999999999997132,0,0.00082812000000000000628,0.0031717999999999997932,0.0064641999999999998072,0.010304999999999999924,0.014415999999999999995,0.018609000000000000541
54,0.082090999999999997305,0.071457000000000006623,0.061421000000000003372,0.05279400000000000065,0.045379000000000002668,0.039005999999999999006,0.033528000000000002245,0,0.010075000000000000622,0.018433000000000001467,0.024546999999999999376,0.028847999999999998644,0.03169600000000000195,0.033388000000000001011,0,0.00055822000000000000525,0.0022347999999999998942,0.0047438000000000002734,0.0078498999999999999333,0.011364000000000000837,0.015133999999999999883
55,0.082090999999999997305,0.051596999999999997033,0.03108999999999999958,0.018732999999999999652,0.011287999999999999423,0.0068015000000000002539,0.0040981999999999997597,0,0.021497999999999999748,0.024174999999999998573,0.019879999999999998367,0.014493999999999999939,0.0099249999999999997946,0.0065443999999999996967,0,0.0087890999999999993436,0.025430000000000001215,0.039782999999999998919,0.049474999999999998146,0.054871999999999997166,0.057038999999999999424
56,0.082090999999999997305,0.071798000000000000709,0.062034999999999999865,0.05360100000000000281,0.046311999999999999,0.040015000000000001956,0.034574000000000000565,0,0.0073128000000000003764,0.010104000000000000134,0.010475999999999999202,0.0098563000000000001305,0.0088873000000000007548,0.0078499999999999993394,0,0.0029677000000000001989,0.0098600000000000007083,0.017749999999999998418,0.025385000000000001313,0.032287000000000003197,0.038318999999999998896
57,0.082090999999999997305,0.071814000000000002832,0.062065000000000002112,0.05364000000000000018,0.046358000000000003371,0.040065000000000003388,0.034625999999999997059,0,0.0088479999999999999621,0.014659000000000000155,0.017722999999999999171,0.018960000000000001158,0.019012999999999998652,0.01832500000000000101,0,0.0013963000000000000585,0.0051107000000000001386,0.0099360000000000003872,0.015082999999999999186,0.020060999999999998972,0.024583000000000000684
58,0.082090999999999997305,0.071717000000000002968,0.061890000000000000568,0.053409999999999999143,0.046091000000000000025,0.039774999999999997857,0.034325000000000001343,0,0.0084863000000000004402,0.013344999999999999224,0.01538199999999999984,0.015755999999999999173,0.015190999999999999642,0.01413299999999999973,0,0.0018324000000000000878,0.0064317000000000002641,0.0120230000000000007,0.017593000000000000999,0.022606000000000001093,0.02681899999999999909
59,0.082090999999999997305,0.056145000000000000462,0.037095999999999997032,0.024510000000000000536,0.016195000000000001061,0.010699999999999999442,0.007069800000000000216,0,0.018071000000000000257,0.021065000000000000391,0.018073999999999999788,0.01383400000000000081,0.010002000000000000474,0.0070010999999999996846,0,0.0077381999999999997661,0.022991000000000001019,0.036978999999999997983,0.047301999999999996827,0.053953000000000000957,0.057640999999999997794
60,0.082090999999999997305,0.056518999999999999795,0.0376140000000000016,0.025032999999999999696,0.016660000000000001197,0.011088000000000000633,0.0073791000000000004158,0,0.017629999999999999838,0.020434000000000000774,0.017465000000000001357,0.013341000000000000428,0.0096419999999999995294,0.0067561000000000001262,0,0.0079384999999999993764,0.024019999999999999685,0.039531999999999997697,0.051973999999999999366,0.061177000000000002211,0.067694000000000004169
61,0.082090999999999997305,0.057514999999999996683,0.039014000000000000068,0.026464000000000001411,0.017951000000000001677,0.012177000000000000324,0.0082597999999999994342,0,0.02235099999999999934,0.035005000000000001392,0.040017999999999998018,0.040492000000000000215,0.038412000000000001698,0.035032000000000000639,0,0.0021786999999999999943,0.0077095000000000002069,0.014510999999999999593,0.021358999999999999514,0.02758400000000000088,0.032870000000000003382
62,0.082090999999999997305,0.03898200000000000276,0.017298999999999998406,0.0076769000000000003903,0.0034068000000000001927,0.0015119000000000000494,0.00067093000000000002896,0,0.038953000000000001513,0.051299999999999998379,0.050625000000000003331,0.045284999999999998865,0.038786000000000001031,0.032521000000000001295,0,0.004153800000000000027,0.013478999999999999662,0.023752999999999999808,0.033327000000000002455,0.041673000000000001708,0.048722000000000001418
63,0.082090999999999997305,0.070624999999999993339,0.059936000000000003163,0.050863999999999999491,0.043166000000000002979,0.036632999999999998897,0.03108800000000000105,0,0.011311999999999999139,0.021523000000000000465,0.029850999999999999063,0.036589000000000003465,0.041987999999999997547,0.046259000000000001507,0,0.0001537099999999999903,0.0006309900000000000014,0.0013737000000000000512,0.0023316999999999999185,0.0034626999999999999794,0.0047309999999999999623
64,0.082090999999999997305,0.060290000000000003311,0.043054000000000001991,0.030745999999999999025,0.021955999999999999822,0.015678999999999998494,0.011197000000000000355,0,0.021280000000000000304,0.037023000000000000353,0.047195000000000000839,0.05344100000000000239,0.056932999999999997498,0.058507000000000003448,0,0.00051378000000000003094,0.0019621999999999998818,0.0039868000000000004129,0.0063341999999999998999,0.0088295000000000005425,0.011353000000000000244
65,0.082090999999999997305,0.057916000000000002201,0.039585000000000002129,0.027056000000000000189,0.018492000000000001492,0.012638999999999999194,0.0086388999999999997043,0,0.023387999999999999068,0.039517999999999997573,0.048983999999999999764,0.053998999999999998389,0.056067999999999999783,0.056212999999999999079,0,0.00077871999999999999813,0.0029261000000000000551,0.0058566000000000000003,0.0091768999999999999878,0.012628999999999999601,0.016046999999999998765
66,0.082090999999999997305,0.046204000000000002013,0.024681999999999999079,0.013185000000000000539,0.0070432999999999997345,0.0037624999999999997856,0.0020098999999999997944,0,0.031094000000000000111,0.041621999999999999276,0.040924000000000002042,0.035825999999999996737,0.029572999999999998594,0.023595000000000001389,0,0.0047907000000000001666,0.015772000000000001296,0.027942000000000001558,0.039140000000000001179,0.048621999999999998554,0.056289999999999999758
67,0.082090999999999997305,0.071770000000000000462,0.061985999999999999432,0.053534999999999999254,0.046235999999999999321,0.039933000000000003216,0.034488999999999998824,0,0.0083440000000000007219,0.012975999999999999687,0.014812000000000000513,0.015046000000000000346,0.014402999999999999137,0.013318999999999999242,0,0.0019632000000000000145,0.0070255999999999999006,0.013428000000000000699,0.020142000000000000182,0.026599999999999998646,0.032509999999999997233
68,0.082090999999999997305,0.06588099999999999512,0.05182599999999999707,0.040768999999999999684,0.032071000000000002284,0.025229000000000001425,0.019847000000000000058,0,0.015894999999999999407,0.029010000000000001064,0.03865999999999999992,0.045609999999999997766,0.050463000000000000911,0.053691000000000002612,0,0.00031300000000000001866,0.0012467999999999999482,0.0026370000000000000211,0.0043536000000000000046,0.0062957000000000004278,0.0083850999999999994983
69,0.082090999999999997305,0.071815000000000003832,0.062066999999999997173,0.05364200000000000218,0.046359999999999998432,0.04006699999999999845,0.034627999999999999059,0,0.0079805999999999991529,0.011948000000000000287,0.013202000000000000193,0.01304800000000000057,0.012208999999999999367,0.011083000000000000837,0,0.0022937999999999999189,0.0080689000000000003776,0.015225999999999999951,0.022638999999999999402,0.029739000000000001545,0.036263999999999997625
70,0.082090999999999997305,0.060592000000000000026,0.043506000000000003003,0.031237999999999998407,0.02242999999999999855,0.016105000000000001259,0.011563999999999999627,0,0.019505999999999999034,0.031253000000000003,0.036491000000000002601,0.037648000000000000909,0.036357000000000000428,0.033702000000000002788,0,0.0019740000000000000602,0.0071897000000000002573,0.013924000000000000613,0.021083000000000001045,0.028004999999999998644,0.034320999999999997343
71,0.082090999999999997305,0.049452000000000002899,0.028448999999999998595,0.016365999999999998604,0.0094154000000000008519,0.0054165000000000003075,0.0031161000000000001198,0,0.031671999999999998765,0.050127999999999998948,0.058865000000000000657,0.062122999999999997667,0.062331999999999998519,0.060886000000000002619,0,0.00095567999999999998437,0.0034323999999999999476,0.0066102000000000001034,0.010023999999999999924,0.013419999999999999638,0.016660999999999998727
72,0.082090999999999997305,0.070644999999999999463,0.059970000000000002471,0.050909000000000002861,0.043216999999999998472,0.036686999999999997391,0.031143000000000000543,0,0.011169999999999999374,0.020994999999999999774,0.028750000000000001249,0.034777000000000002355,0.039365999999999998216,0.042761000000000000398,0,0.00027481000000000000653,0.0011134000000000000667,0.0023917000000000000759,0.0040043999999999999734,0.0058643999999999996478,0.0078997000000000008185
73,0.082090999999999997305,0.069773000000000001686,0.05843299999999999883,0.048937000000000001332,0.040982999999999998597,0.034322999999999999343,0.028743999999999998718,0,0.0072414000000000002671,0.0084656000000000002081,0.0077828000000000003081,0.0067178999999999997397,0.0056838000000000001369,0.0047767000000000000431,0,0.0050606999999999995737,0.015084000000000000186,0.025076999999999998597,0.033821999999999997899,0.041168999999999997264,0.047245000000000002272
74,0.082090999999999997305,0.065235000000000001319,0.050769000000000001627,0.039510999999999997512,0.030748999999999998556,0.023929999999999999882,0.018623000000000000664,0,0.016521000000000000962,0.029989999999999999297,0.039764000000000000734,0.046691000000000003334,0.051430999999999997552,0.054495000000000001772,0,0.00032893000000000001013,0.001285600000000000024,0.0026670999999999999396,0.0043178000000000001102,0.0061210999999999999785,0.0079901999999999993862
75,0.082090999999999997305,0.036341999999999999305,0.014940000000000000155,0.0061418999999999996167,0.002524900000000000061,0.0010380000000000000771,0.00042671000000000001246,0,0.04421699999999999936,0.06201700000000000268,0.066544000000000005923,0.065793000000000004257,0.063037999999999996814,0.059615000000000001323,0,0.0015303999999999999028,0.0051273999999999998398,0.009386699999999999558,0.013735999999999999946,0.017953000000000000208,0.021954999999999998822
76,0.082090999999999997305,0.061468000000000001803,0.044831999999999996853,0.0326979999999999979,0.023848999999999998672,0.017393999999999999739,0.01268599999999999936,0,0.019428999999999998355,0.032729000000000001147,0.040245000000000002993,0.043800999999999999657,0.044693999999999997619,0.043845000000000002027,0,0.0011903000000000000386,0.0045075999999999996279,0.0090767000000000000459,0.014288000000000000353,0.019727000000000001478,0.025122999999999999499
77,0.082090999999999997305,0.042631000000000002226,0.02085899999999999907,0.010205999999999999794,0.004993700000000000222,0.0024432999999999998123,0.0011954999999999999481,0,0.033538999999999999369,0.042389000000000003066,0.03946800000000000308,0.032812000000000000888,0.025787000000000000893,0.019633000000000001145,0,0.0058769000000000000059,0.018527999999999999331,0.031535000000000000531,0.04256299999999999667,0.051077999999999998404,0.057252999999999998337
78,0.082090999999999997305,0.071748999999999993338,0.061947000000000002062,0.053483999999999996822,0.046177999999999996827,0.03986900000000000166,0.034423000000000002208,0,0.010219999999999999918,0.019640000000000001207,0.02750299999999999967,0.034028000000000002689,0.039405000000000002525,0.043796000000000001595,0,0.00012170999999999999853,0.00050292999999999995694,0.0011019000000000000582,0.0018817000000000000393,0.0028108000000000000172,0.0038619999999999999815
79,0.082090999999999997305,0.042495999999999999053,0.020720999999999999835,0.010104000000000000134,0.0049265000000000003233,0.0024022000000000001685,0.001171299999999999902,0,0.028917999999999999261,0.030575999999999999013,0.023537999999999999895,0.015997000000000000802,0.010167999999999999955,0.006198000000000000384,0,0.010671999999999999195,0.030763999999999999679,0.048370999999999997332,0.061023000000000000853,0.069298999999999999488,0.074413000000000006917
80,0.082090999999999997305,0.059131999999999997064,0.041342999999999997807,0.028905000000000000138,0.020209000000000001268,0.014130000000000000199,0.0098788000000000000811,0,0.020750999999999998613,0.032704999999999997962,0.037580000000000002292,0.038172999999999998599,0.036310000000000001996,0.033166000000000001036,0,0.0022068999999999999208,0.0080362000000000002875,0.01558400000000000063,0.023664000000000001006,0.031573999999999997901,0.038926000000000002266
81,0.082090999999999997305,0.071749999999999994338,0.061948000000000003062,0.053485999999999998822,0.046179999999999998828,0.039871999999999997721,0.034424999999999997269,0,0.010219000000000000652,0.019639000000000000207,0.027501000000000001139,0.034026000000000000689,0.039403000000000000524,0.043793999999999999595,0,0.0001217000000000000037,0.00050288999999999997766,0.0011018000000000000016,0.0018815999999999999826,0.0028105999999999999039,0.0038617999999999998682
82,0.082090999999999997305,0.040725999999999998313,0.018957000000000001627,0.0088240999999999996523,0.0041073999999999997665,0.0019119000000000000144,0.00088995000000000002924,0,0.031698999999999998012,0.034723999999999997923,0.027799999999999998324,0.019720999999999998947,0.013131000000000000311,0.0084142999999999995575,0,0.0095384000000000006975,0.027550000000000001571,0.043192000000000001225,0.054046999999999997821,0.060551000000000000656,0.063817999999999999727
83,0.082090999999999997305,0.071824999999999999956,0.062084000000000000297,0.053664000000000003365,0.046385999999999996679,0.040095999999999999697,0.034658000000000001306,0,0.010149999999999999301,0.019526000000000001688,0.027370999999999999497,0.033899999999999999578,0.039296999999999998598,0.043721999999999996978,0,0.00011610000000000000311,0.00047939999999999999758,0.0010495000000000000856,0.0017907000000000001042,0.0026724999999999999624,0.0036686000000000001595
84,0.082090999999999997305,0.071830000000000004956,0.062094000000000003359,0.053677000000000002489,0.046401999999999998803,0.04011200000000000182,0.034674999999999997491,0,0.0099135000000000004367,0.018585999999999998356,0.02536899999999999919,0.030571999999999998482,0.034454999999999999516,0.037240000000000002267,0,0.00034322999999999997825,0.0013802000000000000466,0.0029413999999999998307,0.0048840000000000003202,0.0070902999999999999012,0.009464200000000000737
85,0.082090999999999997305,0.071812000000000000832,0.062060999999999998111,0.053634000000000001118,0.046351999999999997371,0.040058000000000003327,0.034618999999999996997,0,0.0080380999999999994121,0.012111999999999999503,0.013455999999999999212,0.013358000000000000082,0.012545000000000000595,0.011419999999999999596,0,0.0022396000000000000109,0.0079111000000000007704,0.01498000000000000026,0.022338000000000000217,0.029413999999999999174,0.035937999999999997724
86,0.082090999999999997305,0.063094999999999998308,0.047349000000000002197,0.035533000000000002083,0.026665000000000001201,0.020010000000000000009,0.015015999999999999834,0,0.018585999999999998356,0.033129999999999999727,0.043187000000000003164,0.049916000000000002035,0.054183000000000001994,0.056636999999999999844,0,0.0004094400000000000101,0.0016100999999999999427,0.0033660000000000000683,0.0054990999999999998216,0.007877500000000000821,0.010404000000000000054
87,0.082090999999999997305,0.062869999999999995333,0.046995000000000002049,0.035129000000000000503,0.02625900000000000109,0.019629000000000000614,0.014673000000000000279,0,0.018787999999999999146,0.033395000000000001072,0.0434109999999999982,0.050037999999999999146,0.054171999999999997932,0.056479000000000001425,0,0.00042803999999999997432,0.0016591999999999999978,0.0034175999999999998047,0.0054987999999999998685,0.0077543999999999998346,0.010078000000000000153
88,0.082090999999999997305,0.04731599999999999695,0.025940000000000001251,0.014220999999999999266,0.0077965999999999998846,0.0042742999999999999744,0.0023432999999999999836,0,0.028413999999999998286,0.035878000000000000169,0.03306400000000000311,0.026964999999999999386,0.020615000000000001379,0.015150000000000000272,0,0.0063572999999999997567,0.020254000000000001169,0.03475400000000000017,0.047227999999999999148,0.057037999999999998424,0.064361000000000001542
89,0.082090999999999997305,0.056197999999999997955,0.03717000000000000165,0.024584000000000001684,0.016260000000000000148,0.010755000000000000671,0.0071130999999999998049,0,0.02520899999999999877,0.042336999999999999633,0.052290000000000003144,0.057571999999999998177,0.059832999999999997298,0.060163000000000001199,0,0.00066914999999999997485,0.0024724000000000000317,0.0048690000000000000641,0.0075111999999999999947,0.010182000000000000078,0.012749999999999999181
90,0.082090999999999997305,0.052174999999999999156,0.031822999999999997123,0.01940899999999999917,0.011837999999999999565,0.007220400000000000082,0.004403800000000000249,0,0.019899000000000000021,0.021274999999999998773,0.016757000000000001061,0.011785000000000000336,0.0078352000000000004976,0.0050467000000000003176,0,0.0098679000000000006293,0.028004000000000001114,0.043333999999999997521,0.053705000000000002736,0.059740000000000001434,0.062619999999999995111
91,0.082090999999999997305,0.055780000000000003191,0.036594000000000001527,0.024007000000000000561,0.015748999999999999111,0.010331999999999999171,0.0067784000000000003971,0,0.018367000000000001381,0.021375999999999999168,0.018297000000000000763,0.013962000000000000452,0.010056999999999999967,0.0070086000000000002463,0,0.0078884999999999996789,0.023737999999999998685,0.038746999999999996722,0.050403000000000003356,0.058582000000000002127,0.063900999999999999468
92,0.082090999999999997305,0.04136100000000000193,0.019580000000000000182,0.0092694999999999999618,0.0043882000000000000867,0.0020774000000000000798,0.00098345000000000007932,0,0.039436999999999999833,0.05803200000000000025,0.064413999999999999035,0.065162999999999998701,0.0633849999999999969,0.060542999999999999594,0,0.0012921000000000000194,0.0044729000000000001397,0.0083917000000000002008,0.012507000000000000756,0.016573000000000000925,0.020480000000000001675
93,0.082090999999999997305,0.071748000000000006215,0.061946000000000001062,0.05348200000000000176,0.046175000000000000766,0.03986699999999999966,0.034419999999999999207,0,0.010220999999999999183,0.019641999999999999738,0.02750500000000000167,0.034029999999999997751,0.039406999999999997586,0.043797999999999996656,0,0.00012171999999999999335,0.00050295999999999999562,0.0011019000000000000582,0.0018818000000000000959,0.0028110000000000001305,0.0038622999999999999346
94,0.082090999999999997305,0.050111999999999996824,0.029249000000000000693,0.017070999999999999369,0.0099640000000000006342,0.0058155999999999997627,0.0033944000000000001081,0,0.031040999999999999148,0.049419999999999998652,0.058315999999999999781,0.061786000000000000643,0.062189000000000001223,0.060896999999999999742,0,0.00093072999999999994711,0.003370800000000000185,0.0065437999999999997905,0.010000999999999999474,0.013490000000000000255,0.016871000000000000579
95,0.082090999999999997305,0.056314999999999997005,0.037331999999999997131,0.024747999999999999166,0.016404999999999999444,0.010874999999999999251,0.0072091999999999998097,0,0.019481999999999999318,0.024667000000000001425,0.022797999999999998821,0.018648999999999998911,0.014302000000000000476,0.010543999999999999553,0,0.0061970000000000002513,0.019404000000000001108,0.032629999999999999283,0.043327999999999998459,0.05098099999999999854,0.055888000000000000178
96,0.082090999999999997305,0.053301000000000001156,0.033274999999999999023,0.020774000000000000798,0.012968999999999999626,0.0080964000000000001245,0.0050546000000000002386,0,0.027969999999999998336,0.045767000000000002125,0.055254999999999998561,0.059649000000000000632,0.060949999999999997236,0.060401999999999997359,0,0.00081468999999999996715,0.0030084000000000000498,0.0059386999999999998817,0.0092075999999999998125,0.012574000000000000107,0.015894999999999999407
97,0.082090999999999997305,0.071312000000000000388,0.061161000000000000087,0.052455000000000001625,0.044989000000000001211,0.038585000000000001241,0.033092999999999997418,0,0.0090702000000000004842,0.014621999999999999581,0.017226999999999999258,0.017983999999999999986,0.017621999999999998776,0.016618999999999998357,0,0.00170760000000000009,0.0063023000000000002629,0.012392000000000000237,0.019082999999999999269,0.025821000000000000202,0.032281999999999998197
98,0.082090999999999997305,0.070981000000000002426,0.060568999999999997841,0.051685000000000001774,0.044103000000000003311,0.037634000000000000785,0.032113000000000002654,0,0.010963999999999999788,0.020920999999999998625,0.029097000000000001335,0.03576100000000000112,0.041142999999999999017,0.045440000000000001223,0,0.00014472000000000001031,0.00059060000000000004421,0.0012777999999999999428,0.0021548999999999999579,0.0031786000000000001753,0.0043125000000000003608
99,0.082090999999999997305,0.055878999999999998116,0.036729999999999998761,0.024143000000000001265,0.015869999999999998691,0.0104309999999999993,0.0068567999999999997007,0,0.025519000000000000017,0.042747000000000000275,0.052678999999999996662,0.057890999999999998016,0.060068999999999997397,0.060322000000000000619,0,0.00068641000000000003661,0.00256809999999999981,0.0051259000000000000744,0.0080215000000000008518,0.011039000000000000201,0.014042000000000000662
100,0.082090999999999997305,0.047959000000000001629,0.026682999999999998386,0.014845000000000000556,0.008259400000000000075,0.0045953000000000000791,0.0025566000000000000184,0,0.033108999999999999542,0.051720000000000002083,0.060097999999999998644,0.06289999999999999758,0.062710000000000001852,0.060958999999999999297,0,0.0010222000000000000183,0.0036835000000000001422,0.0071345999999999996227,0.010904999999999999763,0.014739000000000000365,0.018503999999999999615
101,0.082090999999999997305,0.063000000000000000444,0.047198999999999997901,0.035360999999999996601,0.026492999999999999189,0.019848000000000001058,0.014869999999999999538,0,0.017200000000000000011,0.027879000000000001003,0.03289899999999999769,0.034272999999999997911,0.033390000000000003011,0.031195000000000000506,0,0.0018871999999999999019,0.0069813000000000001791,0.01373100000000000015,0.021111999999999998823,0.028477999999999999842,0.035442000000000001281
102,0.082090999999999997305,0.049263000000000001233,0.028222000000000000558,0.016167999999999998345,0.0092625999999999993062,0.0053064999999999995853,0.0030400000000000001674,0,0.022540000000000001007,0.024064999999999999586,0.018790999999999998676,0.013010999999999999996,0.0084620000000000007712,0.0053001000000000002971,0,0.010115000000000000727,0.028659000000000000447,0.044139999999999998681,0.054334000000000000352,0.059957000000000003348,0.062308000000000002272
103,0.082090999999999997305,0.071845999999999993202,0.062122999999999997667,0.053714999999999998859,0.046445000000000000173,0.040160000000000001252,0.034723999999999997923,0,0.0095516999999999997739,0.017219000000000001666,0.02259200000000000097,0.026156999999999999695,0.02831099999999999936,0.029374000000000000804,0,0.00069255000000000000154,0.0027463999999999999697,0.0057759999999999998843,0.009471600000000000158,0.01358999999999999965,0.017943000000000000616
104,0.082090999999999997305,0.061728999999999999149,0.045231000000000000372,0.03314199999999999785,0.02428400000000000003,0.017794000000000000788,0.013037999999999999243,0,0.017136999999999999456,0.025513999999999998486,0.027654000000000001497,0.02645700000000000135,0.023668000000000001537,0.020303999999999999132,0,0.0032231999999999998499,0.01133600000000000059,0.021266000000000000181,0.03128899999999999737,0.040524999999999998523,0.048592000000000003246
105,0.082090999999999997305,0.042422000000000001374,0.020646000000000001157,0.01004799999999999964,0.0048898999999999999758,0.0023798000000000000577,0.0011582000000000000715,0,0.026800999999999998435,0.02601399999999999893,0.018391000000000001097,0.011483000000000000151,0.0067071999999999999675,0.0037585999999999999618,0,0.012862999999999999434,0.03539699999999999791,0.053562999999999999501,0.065558000000000005159,0.072760000000000005227,0.07684000000000000552
106,0.082090999999999997305,0.053371000000000001773,0.033367000000000000826,0.02086100000000000107,0.013041999999999999774,0.0081539999999999997898,0.0050978000000000004213,0,0.027931000000000000966,0.04578900000000000331,0.055387999999999999734,0.059908999999999996977,0.061337999999999996692,0.060910999999999999865,0,0.00078733000000000003937,0.0029280999999999998869,0.0058235999999999999571,0.0091000999999999998558,0.012529000000000000206,0.015972000000000000086
107,0.082090999999999997305,0.071829000000000003956,0.062091000000000000358,0.053673999999999999488,0.046397000000000000741,0.04010799999999999782,0.034669999999999999429,0,0.0058948000000000003867,0.0069322000000000003408,0.0064876999999999998905,0.0057416999999999997553,0.0049992999999999999244,0.0043312999999999997336,0,0.0043576999999999999416,0.013003000000000000669,0.021753000000000001501,0.029610000000000000903,0.036429000000000003046,0.042282000000000000139
108,0.082090999999999997305,0.068637000000000003563,0.056461999999999998301,0.046447000000000002173,0.038207999999999998908,0.031429999999999999605,0.02585499999999999951,0,0.010998000000000000831,0.016844999999999998863,0.018870999999999998886,0.018748999999999998306,0.017496999999999998665,0.015727000000000001395,0,0.002425399999999999865,0.0085456999999999998241,0.016053999999999998827,0.023634999999999999759,0.030598000000000000198,0.036621000000000000774
109,0.082090999999999997305,0.039882000000000000783,0.018145000000000001406,0.0082552000000000007318,0.0037558000000000001106,0.0017087999999999999023,0.00077742000000000002075,0,0.040836999999999998301,0.05924000000000000099,0.065065999999999998837,0.065328999999999998183,0.063212000000000004296,0.060151000000000003076,0,0.0013531999999999999324,0.004566699999999999926,0.0083596000000000000169,0.012163999999999999466,0.015741999999999999049,0.019002999999999999059
110,0.082090999999999997305,0.060497000000000002162,0.043363999999999999768,0.031081999999999998519,0.022280000000000001192,0.015970000000000001555,0.011447000000000000577,0,0.021084999999999999576,0.036755000000000002947,0.046938000000000000556,0.0532390000000000016,0.056806000000000002326,0.058458999999999997077,0,0.00050708999999999997133,0.0019586999999999998509,0.0040265999999999999709,0.006475299999999999806,0.0091389999999999995545,0.011901999999999999386
111,0.082090999999999997305,0.064887000000000000233,0.050202999999999997627,0.038843000000000002525,0.030052999999999999853,0.023251999999999998364,0.017991000000000000048,0,0.012578000000000000638,0.016729999999999998345,0.016445000000000001283,0.014475000000000000019,0.012075000000000000663,0.0097806000000000004047,0,0.0045982000000000002038,0.014956000000000000544,0.026228999999999998843,0.036418999999999999984,0.044880000000000003224,0.051560000000000001663
112,0.082090999999999997305,0.068273000000000000353,0.055836999999999997746,0.04566599999999999826,0.037347999999999999254,0.030546000000000000235,0.024982000000000000733,0,0.011580000000000000016,0.018134000000000000813,0.020725000000000000366,0.020961000000000000465,0.019870999999999999774,0.018107999999999999097,0,0.0022374999999999999056,0.0081131999999999992318,0.015678000000000000963,0.023737000000000001154,0.031595999999999999086,0.038879999999999997895
113,0.082090999999999997305,0.05714400000000000035,0.038490000000000003377,0.025925000000000000128,0.017461999999999998356,0.011761999999999999886,0.0079220999999999996283,0,0.024292999999999998623,0.04111599999999999977,0.051126999999999998836,0.056619000000000002659,0.059133999999999999064,0.059707999999999997187,0,0.0006447599999999999729,0.0024137999999999997999,0.0048154000000000000623,0.0075234000000000003996,0.010326999999999999375,0.013091999999999999471
114,0.082090999999999997305,0.071751999999999996338,0.061953000000000001124,0.053491999999999997883,0.046185999999999997889,0.039878999999999997783,0.034431999999999997331,0,0.010217000000000000387,0.019637000000000001676,0.027501000000000001139,0.034028999999999996751,0.039408999999999999586,0.043804999999999996718,0,0.00012110000000000000267,0.00050042999999999995039,0.0010965000000000000354,0.0018726000000000000891,0.0027972999999999999601,0.0038436999999999998077
115,0.082090999999999997305,0.071828000000000002956,0.062089999999999999358,0.053671999999999997488,0.046394999999999998741,0.040105000000000001759,0.034667999999999997429,0,0.0072242000000000000659,0.0099056999999999999218,0.010212999999999999856,0.009572600000000000553,0.0086102999999999995512,0.0075941999999999997353,0,0.0030175000000000002168,0.0099399999999999991834,0.017756000000000000949,0.025215999999999998832,0.031861000000000000432,0.037574999999999997291
116,0.082090999999999997305,0.071748999999999993338,0.061947000000000002062,0.053483999999999996822,0.046177999999999996827,0.03986900000000000166,0.034423000000000002208,0,0.010219999999999999918,0.019640000000000001207,0.02750299999999999967,0.034028000000000002689,0.039405000000000002525,0.043796000000000001595,0,0.00012102999999999999826,0.00049700000000000004591,0.0010819000000000000058,0.0018355999999999999487,0.0027236000000000000661,0.0037168000000000001384
117,0.082090999999999997305,0.04864700000000000274,0.027488999999999999546,0.015532999999999999932,0.0087773000000000000326,0.0049598000000000003196,0.0028026000000000001432,0,0.030609999999999998321,0.044767000000000001236,0.048240999999999999159,0.046425000000000000988,0.042242000000000001769,0.037241000000000003267,0,0.0028234000000000002151,0.0097569000000000006417,0.018082999999999998381,0.026405999999999998917,0.03406900000000000206,0.040807999999999997054
118,0.082090999999999997305,0.071744000000000002215,0.061939000000000001001,0.053472999999999999698,0.046164999999999997704,0.039855000000000001537,0.034408000000000001084,0,0.010224000000000000449,0.019646000000000000268,0.027508999999999998731,0.034031999999999999751,0.039405000000000002525,0.043791999999999997595,0,0.00012065000000000000529,0.00049089000000000001123,0.0010586000000000000357,0.0017789999999999999824,0.0026142999999999999572,0.0035328000000000000028
119,0.082090999999999997305,0.067233000000000001095,0.054073999999999997068,0.043490000000000000879,0.034978000000000002145,0.028132000000000000756,0.022626000000000000278,0,0.0092525000000000003075,0.010987999999999999504,0.010033000000000000251,0.0084725000000000008638,0.0069502000000000001279,0.0056357000000000004314,0,0.0055180000000000003352,0.016431999999999998691,0.026946000000000001201,0.035545000000000000207,0.04208400000000000335,0.046813000000000000445
120,0.082090999999999997305,0.048560999999999999999,0.02738700000000000162,0.015445999999999999661,0.0087112000000000005401,0.0049129000000000004264,0.0027707999999999999123,0,0.031739000000000003321,0.048340000000000001024,0.054503999999999996895,0.055119000000000001327,0.052903999999999999637,0.049362999999999997158,0,0.0017896999999999999714,0.0063571000000000000771,0.01212099999999999983,0.018220000000000000084,0.02420299999999999882,0.029849000000000000532
121,0.082090999999999997305,0.053650999999999997303,0.033735000000000001097,0.021212000000000001687,0.013336999999999999897,0.0083861999999999999045,0.0052729999999999999094,0,0.027633999999999998842,0.045353999999999998483,0.054899000000000003352,0.059394000000000002348,0.060799999999999999878,0.060344000000000001804,0,0.00080517000000000001764,0.0029984999999999998634,0.0059703999999999998391,0.0093383000000000007668,0.012866999999999999965,0.016414000000000001506
122,0.082090999999999997305,0.052818999999999997896,0.032649999999999998468,0.020181999999999998552,0.012475999999999999243,0.0077118000000000004254,0.0047670000000000004037,0,0.028442999999999999533,0.046370000000000001494,0.055814000000000002499,0.060107000000000000706,0.061304999999999998384,0.060671000000000002705,0,0.00082109000000000001429,0.0030168999999999998769,0.0059274000000000002034,0.0091485000000000003817,0.012439000000000000404,0.015657999999999998308
123,0.082090999999999997305,0.04727800000000000058,0.025895999999999998881,0.014184999999999999692,0.0077695000000000003643,0.0042557000000000002812,0.0023311000000000000124,0,0.020654999999999999749,0.018748000000000000775,0.01266399999999999991,0.007707900000000000168,0.0044704999999999996477,0.0025287000000000000449,0,0.014151999999999999649,0.03740899999999999781,0.055148999999999996635,0.066446000000000005059,0.073113999999999998436,0.076890000000000000013
124,0.082090999999999997305,0.052695999999999999786,0.032489999999999998048,0.020032999999999998725,0.012351000000000000867,0.0076154999999999998736,0.0046953999999999997475,0,0.028555000000000000521,0.046487000000000000544,0.055884999999999997178,0.060115000000000001767,0.06124999999999999889,0.060560000000000002718,0,0.00082459999999999998577,0.0029910000000000001689,0.0057975999999999999757,0.0088232999999999991991,0.011823000000000000176,0.014661999999999999686
125,0.082090999999999997305,0.064767000000000005122,0.050009999999999998899,0.038614999999999996549,0.029816999999999999754,0.023022999999999998327,0.017777000000000001134,0,0.011225000000000000602,0.013412999999999999576,0.012134999999999999953,0.010035999999999999782,0.0079993000000000008543,0.0062703000000000003525,0,0.006024299999999999794,0.018152000000000001467,0.029929999999999998272,0.039536000000000001697,0.046765000000000001013,0.051910999999999998811
126,0.082090999999999997305,0.063609999999999999876,0.048161000000000002419,0.036464000000000003354,0.027606999999999999595,0.02090200000000000044,0.01582499999999999879,0,0.018075000000000000788,0.032331999999999999629,0.042278000000000003078,0.048997999999999999887,0.053314000000000000279,0.055842999999999996807,0,0.00040489999999999997564,0.0015953000000000000166,0.0033406999999999998328,0.0054657000000000004192,0.0078393999999999998407,0.010363999999999999949
127,0.082090999999999997305,0.066456000000000001182,0.052775000000000002465,0.041910999999999996868,0.033283000000000000085,0.026430999999999999633,0.020990000000000001712,0,0.015346000000000000266,0.028159000000000000002,0.037717000000000000526,0.044714999999999997804,0.049702999999999997183,0.05311599999999999655,0,0.00028811000000000000455,0.0011537999999999999645,0.0024532999999999998385,0.0040711999999999996455,0.0059172000000000000638,0.0079202000000000005037
128,0.082090999999999997305,0.057555000000000001992,0.039070000000000000562,0.026522000000000000436,0.018003999999999999171,0.012222000000000000225,0.0082968000000000000083,0,0.021639999999999999514,0.032731999999999997208,0.036078999999999999959,0.035137000000000001565,0.032030000000000002913,0.028024000000000000299,0,0.0028733999999999999125,0.010109999999999999196,0.018950999999999999096,0.027828999999999999571,0.035924999999999998601,0.042874000000000002386
129,0.082090999999999997305,0.059161999999999999311,0.041387000000000000177,0.02895299999999999957,0.020254000000000001169,0.014168999999999999304,0.0099118000000000001243,0,0.020881000000000000255,0.033204999999999998406,0.038512999999999998624,0.039501000000000001389,0.037955000000000002625,0.035034000000000002639,0,0.0020462000000000001888,0.0074914999999999998953,0.014605999999999999192,0.022294000000000001316,0.029894000000000000433,0.037032000000000002415
130,0.082090999999999997305,0.071788000000000004586,0.06201700000000000268,0.053575999999999998624,0.046283999999999998753,0.039984999999999999709,0.034542999999999997318,0,0.010184000000000000344,0.019581999999999998713,0.027435000000000001052,0.033961999999999999134,0.039349000000000002031,0.043756999999999997286,0,0.00011853000000000000526,0.0004880099999999999846,0.0010652000000000000877,0.0018118999999999999689,0.0026959000000000002059,0.0036890000000000000048
131,0.082090999999999997305,0.069225999999999995871,0.057480000000000003313,0.047726999999999998592,0.039628999999999997561,0.032904999999999996751,0.027321999999999999065,0,0.012668999999999999706,0.023814999999999999364,0.032643999999999999406,0.039564000000000001944,0.044910999999999999532,0.048964000000000000579,0,0.00019514000000000000529,0.00079469000000000002311,0.0017168999999999999366,0.0028928000000000000588,0.0042658000000000001473,0.0057891000000000001485
132,0.082090999999999997305,0.071776999999999993585,0.061996999999999996556,0.053550000000000000377,0.046254000000000003445,0.039952000000000001401,0.03450799999999999701,0,0.0088795000000000002399,0.014704999999999999322,0.017770999999999998603,0.019002999999999999059,0.01904700000000000143,0.018349000000000000726,0,0.0014339999999999999448,0.0053842999999999998501,0.010755999999999999936,0.016802999999999998493,0.023037999999999999451,0.029146999999999999298
133,0.082090999999999997305,0.053560999999999997501,0.033614999999999999047,0.021097999999999998699,0.013240999999999999298,0.0083104000000000007725,0.0052157000000000001971,0,0.027751000000000001361,0.045571000000000000396,0.055204999999999997129,0.059785999999999998866,0.061276999999999998137,0.060905000000000000804,0,0.00077879999999999995671,0.0029011000000000002064,0.0057787000000000003294,0.0090427000000000007374,0.012465999999999999651,0.015911999999999999061
134,0.082090999999999997305,0.060867999999999998495,0.043922000000000002706,0.03169299999999999895,0.022869000000000000439,0.016501999999999999308,0.011908000000000000182,0,0.019179000000000001602,0.030657000000000000223,0.035702999999999998626,0.036729999999999998761,0.035360999999999996601,0.032668000000000002592,0,0.0020427999999999999978,0.0075055000000000000188,0.014675000000000000544,0.022449000000000000205,0.030154000000000000248,0.037400999999999996748
135,0.082090999999999997305,0.055175000000000001821,0.035769000000000002182,0.023189000000000001278,0.015032999999999999488,0.0097455000000000006899,0.0063178000000000001518,0,0.026190000000000001473,0.043592999999999999805,0.053421000000000003205,0.058418999999999998707,0.060359000000000002928,0.060389999999999999236,0,0.00070936999999999996586,0.002598599999999999955,0.0050766999999999999627,0.0077727999999999998482,0.010462000000000000813,0.013013999999999999527
136,0.082090999999999997305,0.051741000000000002268,0.031271000000000000185,0.018900000000000000133,0.011423000000000000861,0.0069037999999999998674,0.0041724999999999999936,0,0.025617999999999998412,0.035013000000000002454,0.034894000000000001405,0.030745000000000001494,0.02537100000000000119,0.020106999999999999873,0,0.0047299000000000004235,0.015792000000000000481,0.028257000000000000867,0.039842000000000002413,0.049681000000000002936,0.057611000000000002486
137,0.082090999999999997305,0.056392999999999998684,0.037440000000000001057,0.024857000000000000622,0.016503000000000000308,0.010956000000000000461,0.0072740000000000000838,0,0.023026000000000001328,0.03511600000000000138,0.039080999999999997685,0.038483999999999997377,0.03552000000000000296,0.031510000000000003284,0,0.0026705000000000001306,0.0095265000000000002456,0.018127999999999998282,0.027051999999999999658,0.035525000000000001021,0.04317000000000000004
138,0.082090999999999997305,0.071824999999999999956,0.062085000000000001297,0.053665999999999998427,0.046388999999999999679,0.040098000000000001697,0.034660000000000003306,0,0.010149000000000000035,0.019523999999999999688,0.027369000000000000966,0.033897999999999997578,0.039294999999999996598,0.043720000000000001916,0,0.00011623999999999999838,0.0004806699999999999905,0.0010537999999999999191,0.0018007999999999999702,0.0026917999999999998352,0.003700900000000000023
139,0.082090999999999997305,0.070648000000000002463,0.059976000000000001533,0.050916000000000002923,0.043224999999999999534,0.036694999999999998452,0.031151999999999999136,0,0.011291999999999999954,0.021495000000000000218,0.029823999999999999816,0.036570999999999999341,0.041986000000000002486,0.046276999999999998692,0,0.00015086000000000000234,0.00061948999999999999292,0.0013489999999999999387,0.0022904000000000001615,0.0034023000000000000291,0.0046496000000000002605
140,0.082090999999999997305,0.071781999999999998585,0.062006999999999999618,0.053562999999999999501,0.04626899999999999763,0.039967999999999996585,0.034525000000000000133,0,0.01018900000000000014,0.019588999999999998775,0.027442999999999998645,0.033967999999999998195,0.039351999999999998092,0.043755000000000002225,0,0.00011859999999999999612,0.00048569999999999998808,0.0010542999999999999854,0.0017835999999999999858,0.0026388000000000001732,0.0035901999999999999885
141,0.082090999999999997305,0.07184500000000000608,0.062121000000000002605,0.053712999999999996859,0.046442999999999998173,0.040156999999999998252,0.034722000000000002862,0,0.0087036999999999999783,0.014227000000000000063,0.016987999999999999629,0.017965999999999999331,0.017826000000000001566,0.017017000000000000876,0,0.0015333000000000000275,0.0056754999999999999893,0.011180000000000000701,0.017229999999999998789,0.023310000000000000858,0.029107999999999998458
142,0.082090999999999997305,0.06326900000000000579,0.047621999999999997666,0.035845000000000001861,0.02698000000000000051,0.020307999999999999663,0.015284999999999999976,0,0.018405999999999998751,0.032834000000000002073,0.042826000000000002954,0.049519000000000000516,0.053767000000000002291,0.056210000000000003018,0,0.00040807000000000001475,0.0015751999999999999075,0.0032298999999999999586,0.0051713999999999996082,0.0072545999999999999375,0.0093761000000000000593
143,0.082090999999999997305,0.057125000000000002165,0.038462999999999997192,0.025898000000000000881,0.01743700000000000111,0.011740999999999999701,0.0079051999999999993801,0,0.024327000000000001401,0.041198999999999999511,0.05126499999999999807,0.056816999999999999449,0.059393000000000001348,0.060026000000000002965,0,0.00063823999999999998789,0.0024263999999999999978,0.0049199999999999998943,0.0078192999999999995148,0.010925999999999999948,0.014111000000000000279
144,0.082090999999999997305,0.071751999999999996338,0.061953000000000001124,0.053491999999999997883,0.046185999999999997889,0.039878999999999997783,0.034431999999999997331,0,0.009894099999999999423,0.018342000000000000665,0.024754000000000001697,0.029485999999999998322,0.032841000000000002135,0.035073000000000000009,0,0.00044097999999999999612,0.0017654999999999999253,0.0037461000000000000375,0.0061935999999999996266,0.0089543000000000001065,0.011903999999999999651
145,0.082090999999999997305,0.060812999999999999001,0.043839000000000002966,0.031601999999999998148,0.022780999999999999167,0.016423000000000000098,0.011839000000000000565,0,0.020765999999999999737,0.036265999999999999626,0.046385999999999996679,0.052678999999999996662,0.056263000000000000511,0.057942000000000000448,0,0.00050042999999999995039,0.0018944000000000000769,0.0038124000000000000769,0.0059956999999999996409,0.0082679999999999993082,0.01051099999999999951
146,0.082090999999999997305,0.037807000000000000328,0.01622699999999999837,0.006964699999999999884,0.0029892999999999998566,0.0012830000000000000692,0.00055066999999999995726,0,0.029984000000000000236,0.02758700000000000041,0.018475999999999999368,0.010921999999999999417,0.0060363999999999999255,0.0031990000000000000206,0,0.014293999999999999415,0.038239000000000002155,0.056555000000000001104,0.068009000000000000008,0.074514999999999997904,0.077993000000000006766
147,0.082090999999999997305,0.070706000000000004957,0.060079000000000000459,0.051049999999999998157,0.043376999999999998892,0.036858000000000001872,0.031318999999999999617,0,0.0082612999999999991996,0.011513000000000000664,0.011965999999999999207,0.011228999999999999398,0.010057999999999999233,0.0087968999999999998585,0,0.0031213999999999998691,0.010484999999999999529,0.019034999999999999837,0.027404000000000001275,0.035040000000000001701,0.041772999999999997633
148,0.082090999999999997305,0.056933999999999998498,0.038193999999999998785,0.025622999999999999943,0.017188999999999999418,0.011530999999999999583,0.0077359000000000004149,0,0.016283999999999999864,0.017895000000000001183,0.014671000000000000013,0.010862000000000000127,0.0076772000000000003433,0.005299599999999999797,0,0.008863700000000000398,0.02593600000000000072,0.041620999999999998276,0.053707999999999998797,0.062362000000000000766,0.068322999999999994847
149,0.082090999999999997305,0.051019000000000001849,0.03036600000000000063,0.018073999999999999788,0.010756999999999999201,0.0064026999999999998844,0.0038108999999999998778,0,0.030144000000000000655,0.048321000000000002839,0.057326000000000001955,0.060981000000000000483,0.061552000000000002544,0.060384000000000000175,0,0.00092725999999999995493,0.0033996999999999998575,0.0066791999999999997206,0.010328000000000000375,0.014092999999999999625,0.017828000000000000097
150,0.082090999999999997305,0.071824999999999999956,0.062085000000000001297,0.053665999999999998427,0.046388999999999999679,0.040098000000000001697,0.034660000000000003306,0,0.010149000000000000035,0.019523999999999999688,0.027369000000000000966,0.033897999999999997578,0.039294999999999996598,0.043720000000000001916,0,0.00011623999999999999838,0.0004806699999999999905,0.0010537999999999999191,0.0018007999999999999702,0.0026917999999999998352,0.003700900000000000023
151,0.082090999999999997305,0.038751000000000000723,0.017086000000000000493,0.0075332000000000003126,0.0033214999999999997998,0.0014645000000000000899,0.00064568999999999997924,0,0.041891999999999998683,0.060076999999999998459,0.065428000000000000047,0.065291000000000001813,0.062895000000000006457,0.059652999999999997693,0,0.0014469000000000000958,0.0049226000000000000659,0.0091126999999999996199,0.013443000000000000088,0.017670999999999999208,0.021700000000000000538
152,0.082090999999999997305,0.071815000000000003832,0.062066999999999997173,0.05364200000000000218,0.046359999999999998432,0.04006699999999999845,0.034629000000000000059,0,0.0072208999999999997146,0.0098858000000000001428,0.010181000000000000813,0.0095335000000000003073,0.008569399999999999587,0.0075542999999999999039,0,0.0030198000000000000016,0.009882600000000000065,0.017531999999999998974,0.024719000000000001388,0.030997000000000000247,0.036269000000000002626
153,0.082090999999999997305,0.054060999999999997945,0.034276000000000000911,0.021732000000000001316,0.013778000000000000316,0.0087357000000000007561,0.0055386000000000002938,0,0.025278999999999999387,0.038076999999999999735,0.041944000000000002115,0.040967000000000003412,0.037578000000000000291,0.033195000000000002283,0,0.0027241000000000001324,0.0095326000000000004481,0.01779999999999999985,0.026068999999999998424,0.033598999999999996924,0.04006799999999999945
154,0.082090999999999997305,0.071751999999999996338,0.061953000000000001124,0.053491999999999997883,0.046185999999999997889,0.039878999999999997783,0.034431999999999997331,0,0.010217000000000000387,0.019637000000000001676,0.027501000000000001139,0.034028999999999996751,0.039408999999999999586,0.043804999999999996718,0,0.00012110000000000000267,0.00050042999999999995039,0.0010965000000000000354,0.0018726000000000000891,0.0027972999999999999601,0.0038436999999999998077
155,0.082090999999999997305,0.044031000000000000694,0.022317000000000000032,0.011310999999999999874,0.0057330999999999996547,0.0029058000000000000496,0.0014728000000000000206,0,0.036858000000000001872,0.055544000000000003092,0.062739000000000003099,0.064251000000000002554,0.063014000000000000568,0.060507999999999999285,0,0.001200899999999999971,0.0042246999999999996361,0.0080254999999999996479,0.012075999999999999929,0.016118000000000000382,0.020029999999999999194
156,0.082090999999999997305,0.045322000000000001174,0.023706999999999998907,0.012399999999999999564,0.0064862000000000001251,0.0033928000000000000692,0.0017746999999999999321,0,0.028605999999999999484,0.033472000000000001751,0.028545000000000000928,0.021513000000000000872,0.015176999999999999519,0.010278999999999999942,0,0.0080730999999999997208,0.024291000000000000092,0.039460000000000002018,0.050900000000000000799,0.058507000000000003448,0.063004000000000004444
157,0.082090999999999997305,0.045470999999999997532,0.023869999999999998858,0.012529999999999999472,0.0065776999999999996929,0.0034529000000000000664,0.0018125999999999999317,0,0.035492999999999996774,0.054217000000000001303,0.06189299999999999663,0.063900999999999999468,0.063053999999999998938,0.060824999999999997125,0,0.0011173000000000001073,0.0039272999999999998882,0.0074349000000000003627,0.011124999999999999473,0.01474100000000000063,0.018158000000000000529
158,0.082090999999999997305,0.051964000000000003243,0.031553999999999998716,0.019161000000000000948,0.011634999999999999509,0.0070653000000000000524,0.0042903000000000003633,0,0.029283000000000000002,0.047419999999999996876,0.056767999999999999017,0.060872999999999996557,0.061880999999999998507,0.06109400000000000247,0,0.00084336999999999997038,0.0031126999999999999287,0.006151199999999999897,0.0095607999999999995072,0.013105000000000000329,0.016646000000000001073
159,0.082090999999999997305,0.046213999999999998136,0.024692999999999999672,0.013194000000000000866,0.0070498999999999995697,0.0037669000000000001094,0.0020127000000000000793,0,0.029755000000000000199,0.037821000000000000452,0.03515900000000000275,0.028982000000000000817,0.022439000000000000612,0.016732000000000000345,0,0.0061183000000000001273,0.019558999999999999997,0.033688000000000002665,0.045961000000000001853,0.055725999999999997758,0.063116000000000005432
160,0.082090999999999997305,0.057363999999999998325,0.038801000000000002155,0.026243999999999999967,0.017752000000000000418,0.012007000000000000312,0.0081214000000000008406,0,0.014368000000000000563,0.014505000000000000532,0.011216000000000000275,0.0079988999999999997603,0.0055314999999999999586,0.0037769999999999999754,0,0.010297999999999999862,0.028400000000000001632,0.043633999999999999175,0.054513999999999999957,0.061745000000000001272,0.066306000000000003824
161,0.082090999999999997305,0.068866999999999997661,0.056857999999999998819,0.046942999999999998617,0.038758000000000000784,0.031998999999999999666,0.02641900000000000151,0,0.013013000000000000261,0.024373999999999999833,0.033297000000000000208,0.040219999999999998808,0.045507999999999999841,0.049460999999999998022,0,0.00020860000000000000178,0.00083661000000000000122,0.0017795000000000000488,0.0029513000000000000171,0.0042826000000000001219,0.0057175999999999997658
162,0.082090999999999997305,0.046849000000000001753,0.025406999999999999029,0.013778999999999999582,0.0074726000000000002491,0.0040525999999999999523,0.0021978000000000001875,0,0.026300000000000000461,0.029850999999999999063,0.024659000000000000363,0.017975000000000001393,0.012248999999999999472,0.0080014000000000005258,0,0.0087422999999999997239,0.025479999999999999177,0.040058999999999997388,0.04997499999999999859,0.055530000000000002969,0.057782000000000000028
163,0.082090999999999997305,0.05984600000000000336,0.042393000000000000127,0.030030000000000001137,0.021273000000000000242,0.015069000000000000797,0.010673999999999999461,0,0.01796000000000000027,0.025166000000000000869,0.02569199999999999956,0.023171000000000000624,0.019556000000000000466,0.015838999999999998913,0,0.004179999999999999688,0.0137540000000000006,0.024132000000000000672,0.033197999999999998344,0.040183999999999997499,0.045011000000000002397
164,0.082090999999999997305,0.068848999999999993538,0.056827999999999996572,0.046906000000000003247,0.038716000000000000414,0.031955999999999998296,0.02637600000000000014,0,0.009386699999999999558,0.012599000000000000823,0.012637000000000000663,0.011462999999999999232,0.0099378000000000001057,0.0084224000000000000254,0,0.0038132000000000000964,0.012363000000000000725,0.021686000000000000415,0.030193999999999998618,0.037365000000000002378,0.043132999999999997731
165,0.082090999999999997305,0.071792999999999995708,0.062026999999999998803,0.053588999999999997748,0.046298999999999999877,0.040001000000000001833,0.034560000000000000442,0,0.010082000000000000683,0.019176999999999999602,0.026571000000000000868,0.032516000000000003234,0.037227999999999997205,0.040893999999999999795,0,0.00021561999999999999895,0.00088449999999999997808,0.0019235999999999999193,0.0032604999999999999434,0.0048336000000000003962,0.0065906999999999996837
166,0.082090999999999997305,0.031549000000000000654,0.011115999999999999145,0.0039161999999999998895,0.0013798000000000000369,0.00048612999999999998227,0.00017127000000000000514,0,0.048804000000000000159,0.065336000000000005183,0.068074999999999996625,0.066152000000000002466,0.062771999999999994468,0.059052000000000000324,0,0.0017363999999999999227,0.0056324000000000000801,0.010080000000000000418,0.014519000000000000655,0.01876600000000000143,0.022768000000000000044
167,0.082090999999999997305,0.054210000000000001241,0.034472999999999996701,0.021922000000000000514,0.013939999999999999267,0.0088649999999999996164,0.0056373999999999998764,0,0.017652999999999998554,0.018454999999999999183,0.014382000000000000686,0.010115000000000000727,0.0067869000000000002243,0.004445799999999999752,0,0.010224000000000000449,0.029135000000000001175,0.045712999999999996692,0.057900000000000000078,0.066227999999999995207,0.071713999999999999968
168,0.082090999999999997305,0.061606000000000001038,0.045041999999999998705,0.032931000000000001937,0.024077000000000001179,0.017604000000000001591,0.012869999999999999496,0,0.020008999999999999009,0.035194000000000003059,0.045311999999999998112,0.051770999999999997576,0.055600999999999997647,0.057550999999999997991,0,0.00047155999999999999132,0.0018216000000000000421,0.0037420000000000001004,0.0060083000000000002724,0.0084606000000000004119,0.010985999999999999238
169,0.082090999999999997305,0.071707000000000006845,0.061872000000000003384,0.053385000000000001896,0.046062999999999999778,0.039745000000000002549,0.034292999999999997096,0,0.010257999999999999757,0.019702000000000000762,0.027573000000000000287,0.034092999999999998306,0.039455999999999998018,0.043825999999999996903,0,0.00012401999999999999504,0.00050743999999999995273,0.0011005999999999999724,0.0018602000000000000045,0.0027495000000000002077,0.0037376000000000002103
170,0.082090999999999997305,0.069247000000000002995,0.057516999999999998683,0.047773999999999997024,0.039681000000000000993,0.032959000000000002184,0.027376000000000001028,0,0.0096135999999999999233,0.013598999999999999977,0.014239999999999999186,0.013372000000000000206,0.011917000000000000509,0.010323000000000000578,0,0.0032188999999999997996,0.01089399999999999917,0.019839999999999999997,0.028553999999999999521,0.036400000000000001799,0.04317200000000000204
171,0.082090999999999997305,0.052912000000000000699,0.032770000000000000517,0.02029500000000000054,0.012569000000000000311,0.0077844999999999997531,0.0048211000000000000382,0,0.028373999999999999916,0.046331999999999998185,0.055856999999999996931,0.06024800000000000294,0.061543000000000000482,0.060999999999999998668,0,0.00080464000000000002102,0.0029861000000000002125,0.0059288999999999999688,0.0092522999999999997606,0.0127250000000000002,0.016209999999999998715
172,0.082090999999999997305,0.067832000000000003403,0.055086000000000003018,0.044734999999999996989,0.036329000000000000181,0.029502000000000000446,0.023959000000000001129,0,0.0092151000000000003742,0.01133499999999999959,0.010626999999999999294,0.0091547999999999993964,0.0076283000000000001847,0.0062665000000000003685,0,0.005041900000000000201,0.015655999999999999778,0.026689999999999998448,0.036528999999999998971,0.044832999999999997853,0.051680999999999997774
173,0.082090999999999997305,0.047331999999999999074,0.025958999999999999436,0.014236999999999999655,0.0078079999999999998364,0.0042821999999999998954,0.0023484999999999998932,0,0.02887400000000000036,0.03716799999999999965,0.034959999999999998022,0.029132000000000001644,0.022782000000000000167,0.017143999999999999517,0,0.0058820000000000000756,0.018946999999999998565,0.032846000000000000196,0.045054999999999997828,0.054871999999999997166,0.062372999999999997889
174,0.082090999999999997305,0.064299999999999996048,0.049258999999999997232,0.037735999999999998711,0.028909000000000000669,0.022145999999999999019,0.016965999999999998443,0,0.017407999999999999863,0.031317999999999998617,0.041169999999999998264,0.047949999999999999567,0.052410999999999999255,0.055127000000000002389,0,0.00037487000000000002091,0.0014503999999999999098,0.0029794999999999999436,0.0047771999999999996758,0.0067080000000000004207,0.0086745999999999993252
175,0.082090999999999997305,0.046860999999999999877,0.025420999999999999153,0.013790000000000000174,0.0074811000000000000762,0.0040582999999999999283,0.0022014999999999998979,0,0.021999000000000001193,0.02082099999999999923,0.014529000000000000248,0.0090580000000000000793,0.005341799999999999847,0.0030534999999999997908,0,0.013124000000000000249,0.035173000000000002874,0.052061999999999997168,0.062490999999999997938,0.068095000000000002749,0.070611999999999994215
176,0.082090999999999997305,0.055398000000000002796,0.036071999999999999897,0.023487999999999998463,0.015294000000000000303,0.0099582000000000003848,0.0064840999999999995862,0,0.018850999999999999701,0.022099000000000000588,0.019016999999999999182,0.014562000000000000291,0.010507999999999999979,0.0073258000000000003671,0,0.0077854999999999998858,0.023526999999999999302,0.038515000000000000624,0.050194000000000002504,0.058397999999999998522,0.063723000000000001863
177,0.082090999999999997305,0.044125999999999998558,0.022416999999999999427,0.011388000000000000553,0.0057856000000000001177,0.0029393000000000001591,0.0014932000000000000828,0,0.036740000000000001823,0.055363000000000002487,0.062507999999999994123,0.063968999999999998085,0.062679999999999999605,0.060119999999999999829,0,0.0012169999999999999828,0.0042518000000000000238,0.0080154000000000006493,0.01196200000000000041,0.01582599999999999979,0.019484999999999998849
178,0.082090999999999997305,0.071726999999999999091,0.061906999999999996753,0.053432000000000000328,0.046116999999999998272,0.039802999999999998104,0.03435400000000000259,0,0.0082436999999999996391,0.012614999999999999478,0.014198999999999999816,0.014248000000000000248,0.013497000000000000317,0.012371000000000000052,0,0.0021047999999999999869,0.0074491999999999995719,0.014099000000000000421,0.020969000000000001527,0.027486000000000000015,0.033372999999999999887
179,0.082090999999999997305,0.063248999999999999666,0.047590000000000000357,0.035807999999999999552,0.02694300000000000167,0.020272999999999999354,0.015254000000000000198,0,0.013719999999999999557,0.017899999999999999245,0.01723500000000000032,0.01484000000000000076,0.012096000000000000849,0.009563999999999999585,0,0.0050696999999999999009,0.016220999999999999308,0.027973999999999998867,0.038192999999999997784,0.046277999999999999692,0.052281000000000001082
180,0.082090999999999997305,0.06141200000000000131,0.044747000000000002051,0.032603000000000000036,0.023755999999999999339,0.017309000000000001468,0.012611999999999999947,0,0.020195999999999998675,0.035464000000000002466,0.045590999999999999581,0.052019000000000002737,0.055796999999999999376,0.057689999999999998226,0,0.0004823200000000000035,0.0018780999999999999518,0.0038906999999999999744,0.0063033999999999998018,0.008960600000000000856,0.011750999999999999293
181,0.082090999999999997305,0.060510000000000001286,0.043383999999999998953,0.031103999999999999704,0.022300000000000000377,0.01598899999999999974,0.011462999999999999232,0,0.021073000000000001453,0.036741000000000002823,0.046927999999999997494,0.0532359999999999986,0.056812000000000001387,0.058473999999999998201,0,0.00050695000000000004382,0.0019645999999999999401,0.0040525999999999999523,0.0065405999999999997127,0.009265799999999999384,0.012113999999999999768
182,0.082090999999999997305,0.050373000000000001108,0.029566999999999999532,0.0173549999999999989,0.010186999999999999875,0.0059794999999999995724,0.0035097999999999999858,0,0.02533099999999999935,0.032107999999999997653,0.029628999999999999088,0.024136000000000001203,0.018384999999999998566,0.01342999999999999923,0,0.006324399999999999987,0.019966999999999998638,0.033849999999999998146,0.045321000000000000174,0.053790999999999998538,0.059517000000000000459
183,0.082090999999999997305,0.060499999999999998224,0.04336799999999999683,0.03108700000000000005,0.022284000000000001723,0.015973000000000001086,0.011450000000000000108,0,0.021073999999999998983,0.036719000000000001638,0.046869000000000000938,0.053131999999999998674,0.056660000000000002029,0.058272999999999998411,0,0.0005163299999999999574,0.0019976999999999998231,0.0041139999999999996017,0.0066280000000000002108,0.0093726000000000000284,0.012231000000000000552
184,0.082090999999999997305,0.054660000000000000253,0.035074000000000001009,0.022506999999999999229,0.014441999999999999976,0.0092671000000000003372,0.0059465000000000003966,0,0.016427000000000000629,0.016455999999999998407,0.012449999999999999262,0.0085929999999999999438,0.0057070999999999996732,0.0037238000000000002002,0,0.010864999999999999658,0.029667999999999999927,0.044844000000000001915,0.054900999999999998413,0.06080599999999999894,0.063793000000000002481
185,0.082090999999999997305,0.044653999999999999249,0.022981999999999998957,0.011827999999999999972,0.0060875000000000000291,0.0031329999999999999342,0.001612500000000000001,0,0.036297000000000002873,0.055077000000000000957,0.062570000000000000617,0.064382999999999995788,0.063394000000000005901,0.061079000000000001347,0,0.0011348000000000000448,0.0039899999999999996234,0.0075664000000000000354,0.01135399999999999951,0.01510200000000000084,0.018687999999999999751
186,0.082090999999999997305,0.071798000000000000709,0.062034999999999999865,0.05360000000000000181,0.046311999999999999,0.040015000000000001956,0.034574000000000000565,0,0.0099039999999999996094,0.018478000000000001368,0.025100000000000000783,0.030096000000000001223,0.03374499999999999722,0.036283999999999996811,0,0.00038861000000000000794,0.0015755000000000000775,0.0033863999999999999137,0.0056728999999999998177,0.008312200000000000491,0.011202000000000000152
187,0.082090999999999997305,0.071829000000000003956,0.062093000000000002359,0.053676000000000001489,0.046399999999999996803,0.04010999999999999982,0.03467300000000000243,0,0.0098223000000000008219,0.018224000000000000615,0.024614000000000000462,0.029343999999999998557,0.032709000000000001962,0.034958999999999997021,0,0.00043280999999999999811,0.0017220000000000000064,0.0036302999999999999332,0.0059624999999999999181,0.0085613000000000008538,0.011301999999999999547
188,0.082090999999999997305,0.051071999999999999342,0.030433000000000001717,0.018134000000000000813,0.010805999999999999633,0.0064387000000000003258,0.0038365999999999999062,0,0.030107999999999999347,0.048316999999999998838,0.05738499999999999851,0.061109999999999997655,0.061749999999999999334,0.060644000000000003459,0,0.00090959999999999999187,0.003337199999999999802,0.0065608999999999997182,0.010151999999999999566,0.013860000000000000792,0.017544000000000000566
189,0.082090999999999997305,0.039604000000000000314,0.017881999999999998591,0.0080738000000000007678,0.0036454000000000000292,0.001645900000000000054,0.00074315000000000003885,0,0.041119999999999996831,0.059526000000000002521,0.065298999999999995936,0.065524999999999999911,0.063394000000000005901,0.060337000000000001743,0,0.0013604000000000001074,0.0046328000000000002859,0.0085690999999999996339,0.012612999999999999212,0.016524000000000000493,0.020208000000000000268
190,0.082090999999999997305,0.070444000000000006612,0.059616000000000002323,0.050451000000000002788,0.042695999999999997843,0.036132999999999998453,0.030578000000000001013,0,0.011485000000000000417,0.021815999999999998588,0.03020400000000000168,0.036961000000000000798,0.042346000000000001695,0.046580000000000003346,0,0.00015838000000000001166,0.00063893000000000001008,0.0013665000000000000931,0.0022778999999999998034,0.0033210000000000001671,0.0044533000000000003138
191,0.082090999999999997305,0.056475999999999998424,0.037555999999999999106,0.024973999999999999672,0.016607000000000000234,0.011043000000000000732,0.0073435999999999996071,0,0.024948999999999998956,0.042014999999999996794,0.052020999999999997798,0.057403000000000002634,0.059777999999999997804,0.060216999999999999693,0,0.00066394999999999995688,0.002511699999999999957,0.0050695000000000002213,0.008022400000000000711,0.011164999999999999578,0.014364999999999999297
192,0.082090999999999997305,0.041555000000000001659,0.01977299999999999891,0.0094087000000000007432,0.0044770000000000000767,0.002130299999999999902,0.0010136999999999999744,0,0.027366999999999998966,0.026270000000000001683,0.01836099999999999885,0.011329999999999999793,0.0065380000000000004085,0.003618399999999999915,0,0.013162999999999999354,0.036012000000000002342,0.054231000000000001426,0.066120999999999999219,0.07317600000000000493,0.077121999999999996112
193,0.082090999999999997305,0.068149000000000001243,0.055625000000000000833,0.045402999999999998915,0.037060000000000002662,0.030249999999999999112,0.024691000000000001141,0,0.01371099999999999923,0.02553100000000000161,0.034680000000000002491,0.041667000000000002646,0.046905000000000002247,0.050731999999999999318,0,0.00023058999999999999961,0.00093320999999999996403,0.0020041999999999998185,0.0033579000000000000341,0.0049249999999999996905,0.0066495000000000000287
194,0.082090999999999997305,0.047139000000000000346,0.025736999999999999461,0.014052000000000000254,0.0076722999999999999532,0.0041890000000000000152,0.0022870999999999998102,0,0.025639999999999999597,0.028653999999999998916,0.023308999999999999858,0.016734999999999999876,0.011232999999999999929,0.0072297000000000003622,0,0.0093025999999999994111,0.027636000000000000842,0.044560000000000002385,0.057363999999999998325,0.06616700000000000359,0.071870000000000003326
195,0.082090999999999997305,0.071758000000000002339,0.061963999999999998247,0.053506999999999999007,0.046204000000000002013,0.039897000000000001907,0.034452000000000003455,0,0.0065249000000000001442,0.0081972999999999993787,0.007961700000000000374,0.0071793999999999998443,0.0063043999999999999345,0.0054800999999999999018,0,0.0038057999999999998081,0.011917999999999999775,0.020591999999999999194,0.028646999999999998854,0.035790000000000002367,0.042013000000000001732
196,0.082090999999999997305,0.063123999999999999555,0.047393999999999998629,0.035583999999999997577,0.026716000000000000164,0.020059000000000000441,0.01506000000000000047,0,0.0152029999999999995,0.021771999999999999686,0.022760999999999999982,0.02106200000000000086,0.018273999999999998578,0.015244000000000000605,0,0.0037618000000000000396,0.012913000000000000866,0.023713000000000001438,0.034243999999999996664,0.043643000000000001237,0.051614000000000000157
197,0.082090999999999997305,0.036961000000000000798,0.015476999999999999438,0.0064806000000000004227,0.0027136999999999998796,0.001136300000000000027,0.00047581000000000001331,0,0.043658000000000002361,0.061656999999999996531,0.066495999999999999552,0.065992999999999996108,0.063409999999999994147,0.060103999999999997705,0,0.0014706999999999999153,0.0049484000000000003677,0.0090875999999999994977,0.013329999999999999835,0.017451000000000001233,0.021370000000000000107
198,0.082090999999999997305,0.05899499999999999883,0.041141999999999998017,0.028691999999999998755,0.020010000000000000009,0.01395500000000000039,0.0097318999999999999256,0,0.022506999999999999229,0.038684999999999997167,0.04876699999999999785,0.054661000000000001253,0.057692000000000000226,0.058784000000000002917,0,0.00058633000000000003258,0.002240199999999999917,0.0045586000000000003254,0.007261000000000000093,0.010156000000000000097,0.013115999999999999187
base,0.082090999999999997305,0.061100000000000001532,0.044272999999999999854,0.032079000000000003345,0.023244000000000000772,0.016843000000000000332,0.012203999999999999571,0,0.019448000000000000009,0.032042000000000001037,0.038504999999999997562,0.040918999999999997041,0.040738000000000003376,0.038961000000000002574,0,0.0015365000000000001053,0.005728500000000000085,0.01135800000000000004,0.017604000000000001591,0.023938999999999998475,0.030030000000000001137
