real_name,dmf_0,dmf_1,dmf_2,dmf_3,dmf_4,dmf_5,dmf_6,dmf_7,dmf_8,dma_0,dma_1,dma_2,dma_3,dma_4,dma_5,dma_6,dma_7,dma_8,nh3_0,nh3_1,nh3_2,nh3_3,nh3_4,nh3_5,nh3_6,nh3_7,nh3_8
0,0.56999999999999995115,0.56999999999999995115,0.56999999999999995115,0.56999999999999995115,0.56999999999999995115,0.56999999999999995115,0.56999999999999995115,0.56999999999999995115,0.56999999999999995115,3.4700000000000001954,3.4700000000000001954,3.4700000000000001954,3.4700000000000001954,3.4700000000000001954,3.4700000000000001954,3.4700000000000001954,3.4700000000000001954,3.4700000000000001954,1,1,1,1,1,1,1,1,1
1,0.56999999999999995115,0.56999999999999995115,0.56999999999999995115,0.56999999999999995115,0.56999999999999995115,0.56999999999999995115,0.56999999999999995115,0.56999999999999995115,0.56999999999999995115,3.4700000000000001954,3.4700000000000001954,3.4700000000000001954,3.4700000000000001954,3.4700000000000001954,3.4700000000000001954,3.4700000000000001954,3.4700000000000001954,3.4700000000000001954,1,1,1,1,1,1,1,1,1
2,0.56999999999999995115,0.56999999999999995115,0.56999999999999995115,0.56999999999999995115,0.56999999999999995115,0.56999999999999995115,0.56999999999999995115,0.56999999999999995115,0.56999999999999995115,3.4700000000000001954,3.4700000000000001954,3.4700000000000001954,3.4700000000000001954,3.4700000000000001954,3.4700000000000001954,3.4700000000000001954,3.4700000000000001954,3.4700000000000001954,1,1,1,1,1,1,1,1,1
3,0.56999999999999995115,0.56999999999999995115,0.56999999999999995115,0.56999999999999995115,0.56999999999999995115,0.56999999999999995115,0.56999999999999995115,0.56999999999999995115,0.56999999999999995115,3.4700000000000001954,3.4700000000000001954,3.4700000000000001954,3.4700000000000001954,3.4700000000000001954,3.4700000000000001954,3.4700000000000001954,3.4700000000000001954,3.4700000000000001954,1,1,1,1,1,1,1,1,1
4,0.56999999999999995115,0.56999999999999995115,0.56999999999999995115,0.56999999999999995115,0.56999999999999995115,0.56999999999999995115,0.56999999999999995115,0.56999999999999995115,0.56999999999999995115,3.4700000000000001954,3.4700000000000001954,3.4700000000000001954,3.4700000000000001954,3.4700000000000001954,3.4700000000000001954,3.4700000000000001954,3.4700000000000001954,3.4700000000000001954,1,1,1,1,1,1,1,1,1
5,0.56999999999999995115,0.56999999999999995115,0.56999999999999995115,0.56999999999999995115,0.56999999999999995115,0.56999999999999995115,0.56999999999999995115,0.56999999999999995115,0.56999999999999995115,3.4700000000000001954,3.4700000000000001954,3.4700000000000001954,3.4700000000000001954,3.4700000000000001954,3.4700000000000001954,3.4700000000000001954,3.4700000000000001954,3.4700000000000001954,1,1,1,1,1,1,1,1,1
6,0.56999999999999995115,0.56999999999999995115,0.56999999999999995115,0.56999999999999995115,0.56999999999999995115,0.56999999999999995115,0.56999999999999995115,0.56999999999999995115,0.56999999999999995115,3.4700000000000001954,3.4700000000000001954,3.4700000000000001954,3.4700000000000001954,3.4700000000000001954,3.4700000000000001954,3.4700000000000001954,3.4700000000000001954,3.4700000000000001954,1,1,1,1,1,1,1,1,1
7,0.56999999999999995115,0.56999999999999995115,0.56999999999999995115,0.56999999999999995115,0.56999999999999995115,0.56999999999999995115,0.56999999999999995115,0.56999999999999995115,0.56999999999999995115,3.4700000000000001954,3.4700000000000001954,3.4700000000000001954,3.4700000000000001954,3.4700000000000001954,3.4700000000000001954,3.4700000000000001954,3.4700000000000001954,3.4700000000000001954,1,1,1,1,1,1,1,1,1
8,0.56999999999999995115,0.56999999999999995115,0.56999999999999995115,0.56999999999999995115,0.56999999999999995115,0.56999999999999995115,0.56999999999999995115,0.56999999999999995115,0.56999999999999995115,3.4700000000000001954,3.4700000000000001954,3.4700000000000001954,3.4700000000000001954,3.4700000000000001954,3.4700000000000001954,3.4700000000000001954,3.4700000000000001954,3.4700000000000001954,1,1,1,1,1,1,1,1,1
9,0.56999999999999995115,0.56999999999999995115,0.56999999999999995115,0.56999999999999995115,0.56999999999999995115,0.56999999999999995115,0.56999999999999995115,0.56999999999999995115,0.56999999999999995115,3.4700000000000001954,3.4700000000000001954,3.4700000000000001954,3.4700000000000001954,3.4700000000000001954,3.4700000000000001954,3.4700000000000001954,3.4700000000000001954,3.4700000000000001954,1,1,1,1,1,1,1,1,1
10,0.56999999999999995115,0.56999999999999995115,0.56999999999999995115,0.56999999999999995115,0.56999999999999995115,0.56999999999999995115,0.56999999999999995115,0.56999999999999995115,0.56999999999999995115,3.4700000000000001954,3.4700000000000001954,3.4700000000000001954,3.4700000000000001954,3.4700000000000001954,3.4700000000000001954,3.4700000000000001954,3.4700000000000001954,3.4700000000000001954,1,1,1,1,1,1,1,1,1
11,0.56999999999999995115,0.56999999999999995115,0.56999999999999995115,0.56999999999999995115,0.56999999999999995115,0.56999999999999995115,0.56999999999999995115,0.56999999999999995115,0.56999999999999995115,3.4700000000000001954,3.4700000000000001954,3.4700000000000001954,3.4700000000000001954,3.4700000000000001954,3.4700000000000001954,3.4700000000000001954,3.4700000000000001954,3.4700000000000001954,1,1,1,1,1,1,1,1,1
12,0.56999999999999995115,0.56999999999999995115,0.56999999999999995115,0.56999999999999995115,0.56999999999999995115,0.56999999999999995115,0.56999999999999995115,0.56999999999999995115,0.56999999999999995115,3.4700000000000001954,3.4700000000000001954,3.4700000000000001954,3.4700000000000001954,3.4700000000000001954,3.4700000000000001954,3.4700000000000001954,3.4700000000000001954,3.4700000000000001954,1,1,1,1,1,1,1,1,1
13,0.56999999999999995115,0.56999999999999995115,0.56999999999999995115,0.56999999999999995115,0.56999999999999995115,0.56999999999999995115,0.56999999999999995115,0.56999999999999995115,0.56999999999999995115,3.4700000000000001954,3.4700000000000001954,3.4700000000000001954,3.4700000000000001954,3.4700000000000001954,3.4700000000000001954,3.4700000000000001954,3.4700000000000001954,3.4700000000000001954,1,1,1,1,1,1,1,1,1
14,0.56999999999999995115,0.56999999999999995115,0.56999999999999995115,0.56999999999999995115,0.56999999999999995115,0.56999999999999995115,0.56999999999999995115,0.56999999999999995115,0.56999999999999995115,3.4700000000000001954,3.4700000000000001954,3.4700000000000001954,3.4700000000000001954,3.4700000000000001954,3.4700000000000001954,3.4700000000000001954,3.4700000000000001954,3.4700000000000001954,1,1,1,1,1,1,1,1,1
15,0.56999999999999995115,0.56999999999999995115,0.56999999999999995115,0.56999999999999995115,0.56999999999999995115,0.56999999999999995115,0.56999999999999995115,0.56999999999999995115,0.56999999999999995115,3.4700000000000001954,3.4700000000000001954,3.4700000000000001954,3.4700000000000001954,3.4700000000000001954,3.4700000000000001954,3.4700000000000001954,3.4700000000000001954,3.4700000000000001954,1,1,1,1,1,1,1,1,1
16,0.56999999999999995115,0.56999999999999995115,0.56999999999999995115,0.56999999999999995115,0.56999999999999995115,0.56999999999999995115,0.56999999999999995115,0.56999999999999995115,0.56999999999999995115,3.4700000000000001954,3.4700000000000001954,3.4700000000000001954,3.4700000000000001954,3.4700000000000001954,3.4700000000000001954,3.4700000000000001954,3.4700000000000001954,3.4700000000000001954,1,1,1,1,1,1,1,1,1
17,0.56999999999999995115,0.56999999999999995115,0.56999999999999995115,0.56999999999999995115,0.56999999999999995115,0.56999999999999995115,0.56999999999999995115,0.56999999999999995115,0.56999999999999995115,3.4700000000000001954,3.4700000000000001954,3.4700000000000001954,3.4700000000000001954,3.4700000000000001954,3.4700000000000001954,3.4700000000000001954,3.4700000000000001954,3.4700000000000001954,1,1,1,1,1,1,1,1,1
18,0.56999999999999995115,0.56999999999999995115,0.56999999999999995115,0.56999999999999995115,0.56999999999999995115,0.56999999999999995115,0.56999999999999995115,0.56999999999999995115,0.56999999999999995115,3.4700000000000001954,3.4700000000000001954,3.4700000000000001954,3.4700000000000001954,3.4700000000000001954,3.4700000000000001954,3.4700000000000001954,3.4700000000000001954,3.4700000000000001954,1,1,1,1,1,1,1,1,1
19,0.56999999999999995115,0.56999999999999995115,0.56999999999999995115,0.56999999999999995115,0.56999999999999995115,0.56999999999999995115,0.56999999999999995115,0.56999999999999995115,0.56999999999999995115,3.4700000000000001954,3.4700000000000001954,3.4700000000000001954,3.4700000000000001954,3.4700000000000001954,3.4700000000000001954,3.4700000000000001954,3.4700000000000001954,3.4700000000000001954,1,1,1,1,1,1,1,1,1
20,0.56999999999999995115,0.56999999999999995115,0.56999999999999995115,0.56999999999999995115,0.56999999999999995115,0.56999999999999995115,0.56999999999999995115,0.56999999999999995115,0.56999999999999995115,3.4700000000000001954,3.4700000000000001954,3.4700000000000001954,3.4700000000000001954,3.4700000000000001954,3.4700000000000001954,3.4700000000000001954,3.4700000000000001954,3.4700000000000001954,1,1,1,1,1,1,1,1,1
21,0.56999999999999995115,0.56999999999999995115,0.56999999999999995115,0.56999999999999995115,0.56999999999999995115,0.56999999999999995115,0.56999999999999995115,0.56999999999999995115,0.56999999999999995115,3.4700000000000001954,3.4700000000000001954,3.4700000000000001954,3.4700000000000001954,3.4700000000000001954,3.4700000000000001954,3.4700000000000001954,3.4700000000000001954,3.4700000000000001954,1,1,1,1,1,1,1,1,1
22,0.56999999999999995115,0.56999999999999995115,0.56999999999999995115,0.56999999999999995115,0.56999999999999995115,0.56999999999999995115,0.56999999999999995115,0.56999999999999995115,0.56999999999999995115,3.4700000000000001954,3.4700000000000001954,3.4700000000000001954,3.4700000000000001954,3.4700000000000001954,3.4700000000000001954,3.4700000000000001954,3.4700000000000001954,3.4700000000000001954,1,1,1,1,1,1,1,1,1
23,0.56999999999999995115,0.56999999999999995115,0.56999999999999995115,0.56999999999999995115,0.56999999999999995115,0.56999999999999995115,0.56999999999999995115,0.56999999999999995115,0.56999999999999995115,3.4700000000000001954,3.4700000000000001954,3.4700000000000001954,3.4700000000000001954,3.4700000000000001954,3.4700000000000001954,3.4700000000000001954,3.4700000000000001954,3.4700000000000001954,1,1,1,1,1,1,1,1,1
24,0.56999999999999995115,0.56999999999999995115,0.56999999999999995115,0.56999999999999995115,0.56999999999999995115,0.56999999999999995115,0.56999999999999995115,0.56999999999999995115,0.56999999999999995115,3.4700000000000001954,3.4700000000000001954,3.4700000000000001954,3.4700000000000001954,3.4700000000000001954,3.4700000000000001954,3.4700000000000001954,3.4700000000000001954,3.4700000000000001954,1,1,1,1,1,1,1,1,1
25,0.56999999999999995115,0.56999999999999995115,0.56999999999999995115,0.56999999999999995115,0.56999999999999995115,0.56999999999999995115,0.56999999999999995115,0.56999999999999995115,0.56999999999999995115,3.4700000000000001954,3.4700000000000001954,3.4700000000000001954,3.4700000000000001954,3.4700000000000001954,3.4700000000000001954,3.4700000000000001954,3.4700000000000001954,3.4700000000000001954,1,1,1,1,1,1,1,1,1
26,0.56999999999999995115,0.56999999999999995115,0.56999999999999995115,0.56999999999999995115,0.56999999999999995115,0.56999999999999995115,0.56999999999999995115,0.56999999999999995115,0.56999999999999995115,3.4700000000000001954,3.4700000000000001954,3.4700000000000001954,3.4700000000000001954,3.4700000000000001954,3.4700000000000001954,3.4700000000000001954,3.4700000000000001954,3.4700000000000001954,1,1,1,1,1,1,1,1,1
27,0.56999999999999995115,0.56999999999999995115,0.56999999999999995115,0.56999999999999995115,0.56999999999999995115,0.56999999999999995115,0.56999999999999995115,0.56999999999999995115,0.56999999999999995115,3.4700000000000001954,3.4700000000000001954,3.4700000000000001954,3.4700000000000001954,3.4700000000000001954,3.4700000000000001954,3.4700000000000001954,3.4700000000000001954,3.4700000000000001954,1,1,1,1,1,1,1,1,1
28,0.56999999999999995115,0.56999999999999995115,0.56999999999999995115,0.56999999999999995115,0.56999999999999995115,0.56999999999999995115,0.56999999999999995115,0.56999999999999995115,0.56999999999999995115,3.4700000000000001954,3.4700000000000001954,3.4700000000000001954,3.4700000000000001954,3.4700000000000001954,3.4700000000000001954,3.4700000000000001954,3.4700000000000001954,3.4700000000000001954,1,1,1,1,1,1,1,1,1
29,0.56999999999999995115,0.56999999999999995115,0.56999999999999995115,0.56999999999999995115,0.56999999999999995115,0.56999999999999995115,0.56999999999999995115,0.56999999999999995115,0.56999999999999995115,3.4700000000000001954,3.4700000000000001954,3.4700000000000001954,3.4700000000000001954,3.4700000000000001954,3.4700000000000001954,3.4700000000000001954,3.4700000000000001954,3.4700000000000001954,1,1,1,1,1,1,1,1,1
30,0.56999999999999995115,0.56999999999999995115,0.56999999999999995115,0.56999999999999995115,0.56999999999999995115,0.56999999999999995115,0.56999999999999995115,0.56999999999999995115,0.56999999999999995115,3.4700000000000001954,3.4700000000000001954,3.4700000000000001954,3.4700000000000001954,3.4700000000000001954,3.4700000000000001954,3.4700000000000001954,3.4700000000000001954,3.4700000000000001954,1,1,1,1,1,1,1,1,1
31,0.56999999999999995115,0.56999999999999995115,0.56999999999999995115,0.56999999999999995115,0.56999999999999995115,0.56999999999999995115,0.56999999999999995115,0.56999999999999995115,0.56999999999999995115,3.4700000000000001954,3.4700000000000001954,3.4700000000000001954,3.4700000000000001954,3.4700000000000001954,3.4700000000000001954,3.4700000000000001954,3.4700000000000001954,3.4700000000000001954,1,1,1,1,1,1,1,1,1
32,0.56999999999999995115,0.56999999999999995115,0.56999999999999995115,0.56999999999999995115,0.56999999999999995115,0.56999999999999995115,0.56999999999999995115,0.56999999999999995115,0.56999999999999995115,3.4700000000000001954,3.4700000000000001954,3.4700000000000001954,3.4700000000000001954,3.4700000000000001954,3.4700000000000001954,3.4700000000000001954,3.4700000000000001954,3.4700000000000001954,1,1,1,1,1,1,1,1,1
33,0.56999999999999995115,0.56999999999999995115,0.56999999999999995115,0.56999999999999995115,0.56999999999999995115,0.56999999999999995115,0.56999999999999995115,0.56999999999999995115,0.56999999999999995115,3.4700000000000001954,3.4700000000000001954,3.4700000000000001954,3.4700000000000001954,3.4700000000000001954,3.4700000000000001954,3.4700000000000001954,3.4700000000000001954,3.4700000000000001954,1,1,1,1,1,1,1,1,1
34,0.56999999999999995115,0.56999999999999995115,0.56999999999999995115,0.56999999999999995115,0.56999999999999995115,0.56999999999999995115,0.56999999999999995115,0.56999999999999995115,0.56999999999999995115,3.4700000000000001954,3.4700000000000001954,3.4700000000000001954,3.4700000000000001954,3.4700000000000001954,3.4700000000000001954,3.4700000000000001954,3.4700000000000001954,3.4700000000000001954,1,1,1,1,1,1,1,1,1
35,0.56999999999999995115,0.56999999999999995115,0.56999999999999995115,0.56999999999999995115,0.56999999999999995115,0.56999999999999995115,0.56999999999999995115,0.56999999999999995115,0.56999999999999995115,3.4700000000000001954,3.4700000000000001954,3.4700000000000001954,3.4700000000000001954,3.4700000000000001954,3.4700000000000001954,3.4700000000000001954,3.4700000000000001954,3.4700000000000001954,1,1,1,1,1,1,1,1,1
36,0.56999999999999995115,0.56999999999999995115,0.56999999999999995115,0.56999999999999995115,0.56999999999999995115,0.56999999999999995115,0.56999999999999995115,0.56999999999999995115,0.56999999999999995115,3.4700000000000001954,3.4700000000000001954,3.4700000000000001954,3.4700000000000001954,3.4700000000000001954,3.4700000000000001954,3.4700000000000001954,3.4700000000000001954,3.4700000000000001954,1,1,1,1,1,1,1,1,1
37,0.56999999999999995115,0.56999999999999995115,0.56999999999999995115,0.56999999999999995115,0.56999999999999995115,0.56999999999999995115,0.56999999999999995115,0.56999999999999995115,0.56999999999999995115,3.4700000000000001954,3.4700000000000001954,3.4700000000000001954,3.4700000000000001954,3.4700000000000001954,3.4700000000000001954,3.4700000000000001954,3.4700000000000001954,3.4700000000000001954,1,1,1,1,1,1,1,1,1
38,0.56999999999999995115,0.56999999999999995115,0.56999999999999995115,0.56999999999999995115,0.56999999999999995115,0.56999999999999995115,0.56999999999999995115,0.56999999999999995115,0.56999999999999995115,3.4700000000000001954,3.4700000000000001954,3.4700000000000001954,3.4700000000000001954,3.4700000000000001954,3.4700000000000001954,3.4700000000000001954,3.4700000000000001954,3.4700000000000001954,1,1,1,1,1,1,1,1,1
39,0.56999999999999995115,0.56999999999999995115,0.56999999999999995115,0.56999999999999995115,0.56999999999999995115,0.56999999999999995115,0.56999999999999995115,0.56999999999999995115,0.56999999999999995115,3.4700000000000001954,3.4700000000000001954,3.4700000000000001954,3.4700000000000001954,3.4700000000000001954,3.4700000000000001954,3.4700000000000001954,3.4700000000000001954,3.4700000000000001954,1,1,1,1,1,1,1,1,1
40,0.56999999999999995115,0.56999999999999995115,0.56999999999999995115,0.56999999999999995115,0.56999999999999995115,0.56999999999999995115,0.56999999999999995115,0.56999999999999995115,0.56999999999999995115,3.4700000000000001954,3.4700000000000001954,3.4700000000000001954,3.4700000000000001954,3.4700000000000001954,3.4700000000000001954,3.4700000000000001954,3.4700000000000001954,3.4700000000000001954,1,1,1,1,1,1,1,1,1
41,0.56999999999999995115,0.56999999999999995115,0.56999999999999995115,0.56999999999999995115,0.56999999999999995115,0.56999999999999995115,0.56999999999999995115,0.56999999999999995115,0.56999999999999995115,3.4700000000000001954,3.4700000000000001954,3.4700000000000001954,3.4700000000000001954,3.4700000000000001954,3.4700000000000001954,3.4700000000000001954,3.4700000000000001954,3.4700000000000001954,1,1,1,1,1,1,1,1,1
42,0.56999999999999995115,0.56999999999999995115,0.56999999999999995115,0.56999999999999995115,0.56999999999999995115,0.56999999999999995115,0.56999999999999995115,0.56999999999999995115,0.56999999999999995115,3.4700000000000001954,3.4700000000000001954,3.4700000000000001954,3.4700000000000001954,3.4700000000000001954,3.4700000000000001954,3.4700000000000001954,3.4700000000000001954,3.4700000000000001954,1,1,1,1,1,1,1,1,1
43,0.56999999999999995115,0.56999999999999995115,0.56999999999999995115,0.56999999999999995115,0.56999999999999995115,0.56999999999999995115,0.56999999999999995115,0.56999999999999995115,0.56999999999999995115,3.4700000000000001954,3.4700000000000001954,3.4700000000000001954,3.4700000000000001954,3.4700000000000001954,3.4700000000000001954,3.4700000000000001954,3.4700000000000001954,3.4700000000000001954,1,1,1,1,1,1,1,1,1
44,0.56999999999999995115,0.56999999999999995115,0.56999999999999995115,0.56999999999999995115,0.56999999999999995115,0.56999999999999995115,0.56999999999999995115,0.56999999999999995115,0.56999999999999995115,3.4700000000000001954,3.4700000000000001954,3.4700000000000001954,3.4700000000000001954,3.4700000000000001954,3.4700000000000001954,3.4700000000000001954,3.4700000000000001954,3.4700000000000001954,1,1,1,1,1,1,1,1,1
45,0.56999999999999995115,0.56999999999999995115,0.56999999999999995115,0.56999999999999995115,0.56999999999999995115,0.56999999999999995115,0.56999999999999995115,0.56999999999999995115,0.56999999999999995115,3.4700000000000001954,3.4700000000000001954,3.4700000000000001954,3.4700000000000001954,3.4700000000000001954,3.4700000000000001954,3.4700000000000001954,3.4700000000000001954,3.4700000000000001954,1,1,1,1,1,1,1,1,1
46,0.56999999999999995115,0.56999999999999995115,0.56999999999999995115,0.56999999999999995115,0.56999999999999995115,0.56999999999999995115,0.56999999999999995115,0.56999999999999995115,0.56999999999999995115,3.4700000000000001954,3.4700000000000001954,3.4700000000000001954,3.4700000000000001954,3.4700000000000001954,3.4700000000000001954,3.4700000000000001954,3.4700000000000001954,3.4700000000000001954,1,1,1,1,1,1,1,1,1
47,0.56999999999999995115,0.56999999999999995115,0.56999999999999995115,0.56999999999999995115,0.56999999999999995115,0.56999999999999995115,0.56999999999999995115,0.56999999999999995115,0.56999999999999995115,3.4700000000000001954,3.4700000000000001954,3.4700000000000001954,3.4700000000000001954,3.4700000000000001954,3.4700000000000001954,3.4700000000000001954,3.4700000000000001954,3.4700000000000001954,1,1,1,1,1,1,1,1,1
48,0.56999999999999995115,0.56999999999999995115,0.56999999999999995115,0.56999999999999995115,0.56999999999999995115,0.56999999999999995115,0.56999999999999995115,0.56999999999999995115,0.56999999999999995115,3.4700000000000001954,3.4700000000000001954,3.4700000000000001954,3.4700000000000001954,3.4700000000000001954,3.4700000000000001954,3.4700000000000001954,3.4700000000000001954,3.4700000000000001954,1,1,1,1,1,1,1,1,1
49,0.56999999999999995115,0.56999999999999995115,0.56999999999999995115,0.56999999999999995115,0.56999999999999995115,0.56999999999999995115,0.56999999999999995115,0.56999999999999995115,0.56999999999999995115,3.4700000000000001954,3.4700000000000001954,3.4700000000000001954,3.4700000000000001954,3.4700000000000001954,3.4700000000000001954,3.4700000000000001954,3.4700000000000001954,3.4700000000000001954,1,1,1,1,1,1,1,1,1
50,0.56999999999999995115,0.56999999999999995115,0.56999999999999995115,0.56999999999999995115,0.56999999999999995115,0.56999999999999995115,0.56999999999999995115,0.56999999999999995115,0.56999999999999995115,3.4700000000000001954,3.4700000000000001954,3.4700000000000001954,3.4700000000000001954,3.4700000000000001954,3.4700000000000001954,3.4700000000000001954,3.4700000000000001954,3.4700000000000001954,1,1,1,1,1,1,1,1,1
51,0.56999999999999995115,0.56999999999999995115,0.56999999999999995115,0.56999999999999995115,0.56999999999999995115,0.56999999999999995115,0.56999999999999995115,0.56999999999999995115,0.56999999999999995115,3.4700000000000001954,3.4700000000000001954,3.4700000000000001954,3.4700000000000001954,3.4700000000000001954,3.4700000000000001954,3.4700000000000001954,3.4700000000000001954,3.4700000000000001954,1,1,1,1,1,1,1,1,1
52,0.56999999999999995115,0.56999999999999995115,0.56999999999999995115,0.56999999999999995115,0.56999999999999995115,0.56999999999999995115,0.56999999999999995115,0.56999999999999995115,0.56999999999999995115,3.4700000000000001954,3.4700000000000001954,3.4700000000000001954,3.4700000000000001954,3.4700000000000001954,3.4700000000000001954,3.4700000000000001954,3.4700000000000001954,3.4700000000000001954,1,1,1,1,1,1,1,1,1
53,0.56999999999999995115,0.56999999999999995115,0.56999999999999995115,0.56999999999999995115,0.56999999999999995115,0.56999999999999995115,0.56999999999999995115,0.56999999999999995115,0.56999999999999995115,3.4700000000000001954,3.4700000000000001954,3.4700000000000001954,3.4700000000000001954,3.4700000000000001954,3.4700000000000001954,3.4700000000000001954,3.4700000000000001954,3.4700000000000001954,1,1,1,1,1,1,1,1,1
54,0.56999999999999995115,0.56999999999999995115,0.56999999999999995115,0.56999999999999995115,0.56999999999999995115,0.56999999999999995115,0.56999999999999995115,0.56999999999999995115,0.56999999999999995115,3.4700000000000001954,3.4700000000000001954,3.4700000000000001954,3.4700000000000001954,3.4700000000000001954,3.4700000000000001954,3.4700000000000001954,3.4700000000000001954,3.4700000000000001954,1,1,1,1,1,1,1,1,1
55,0.56999999999999995115,0.56999999999999995115,0.56999999999999995115,0.56999999999999995115,0.56999999999999995115,0.56999999999999995115,0.56999999999999995115,0.56999999999999995115,0.56999999999999995115,3.4700000000000001954,3.4700000000000001954,3.4700000000000001954,3.4700000000000001954,3.4700000000000001954,3.4700000000000001954,3.4700000000000001954,3.4700000000000001954,3.4700000000000001954,1,1,1,1,1,1,1,1,1
56,0.56999999999999995115,0.56999999999999995115,0.56999999999999995115,0.56999999999999995115,0.56999999999999995115,0.56999999999999995115,0.56999999999999995115,0.56999999999999995115,0.56999999999999995115,3.4700000000000001954,3.4700000000000001954,3.4700000000000001954,3.4700000000000001954,3.4700000000000001954,3.4700000000000001954,3.4700000000000001954,3.4700000000000001954,3.4700000000000001954,1,1,1,1,1,1,1,1,1
57,0.56999999999999995115,0.56999999999999995115,0.56999999999999995115,0.56999999999999995115,0.56999999999999995115,0.56999999999999995115,0.56999999999999995115,0.56999999999999995115,0.56999999999999995115,3.4700000000000001954,3.4700000000000001954,3.4700000000000001954,3.4700000000000001954,3.4700000000000001954,3.4700000000000001954,3.4700000000000001954,3.4700000000000001954,3.4700000000000001954,1,1,1,1,1,1,1,1,1
58,0.56999999999999995115,0.56999999999999995115,0.56999999999999995115,0.56999999999999995115,0.56999999999999995115,0.56999999999999995115,0.56999999999999995115,0.56999999999999995115,0.56999999999999995115,3.4700000000000001954,3.4700000000000001954,3.4700000000000001954,3.4700000000000001954,3.4700000000000001954,3.4700000000000001954,3.4700000000000001954,3.4700000000000001954,3.4700000000000001954,1,1,1,1,1,1,1,1,1
59,0.56999999999999995115,0.56999999999999995115,0.56999999999999995115,0.56999999999999995115,0.56999999999999995115,0.56999999999999995115,0.56999999999999995115,0.56999999999999995115,0.56999999999999995115,3.4700000000000001954,3.4700000000000001954,3.4700000000000001954,3.4700000000000001954,3.4700000000000001954,3.4700000000000001954,3.4700000000000001954,3.4700000000000001954,3.4700000000000001954,1,1,1,1,1,1,1,1,1
60,0.56999999999999995115,0.56999999999999995115,0.56999999999999995115,0.56999999999999995115,0.56999999999999995115,0.56999999999999995115,0.56999999999999995115,0.56999999999999995115,0.56999999999999995115,3.4700000000000001954,3.4700000000000001954,3.4700000000000001954,3.4700000000000001954,3.4700000000000001954,3.4700000000000001954,3.4700000000000001954,3.4700000000000001954,3.4700000000000001954,1,1,1,1,1,1,1,1,1
61,0.56999999999999995115,0.56999999999999995115,0.56999999999999995115,0.56999999999999995115,0.56999999999999995115,0.56999999999999995115,0.56999999999999995115,0.56999999999999995115,0.56999999999999995115,3.4700000000000001954,3.4700000000000001954,3.4700000000000001954,3.4700000000000001954,3.4700000000000001954,3.4700000000000001954,3.4700000000000001954,3.4700000000000001954,3.4700000000000001954,1,1,1,1,1,1,1,1,1
62,0.56999999999999995115,0.56999999999999995115,0.56999999999999995115,0.56999999999999995115,0.56999999999999995115,0.56999999999999995115,0.56999999999999995115,0.56999999999999995115,0.56999999999999995115,3.4700000000000001954,3.4700000000000001954,3.4700000000000001954,3.4700000000000001954,3.4700000000000001954,3.4700000000000001954,3.4700000000000001954,3.4700000000000001954,3.4700000000000001954,1,1,1,1,1,1,1,1,1
63,0.56999999999999995115,0.56999999999999995115,0.56999999999999995115,0.56999999999999995115,0.56999999999999995115,0.56999999999999995115,0.56999999999999995115,0.56999999999999995115,0.56999999999999995115,3.4700000000000001954,3.4700000000000001954,3.4700000000000001954,3.4700000000000001954,3.4700000000000001954,3.4700000000000001954,3.4700000000000001954,3.4700000000000001954,3.4700000000000001954,1,1,1,1,1,1,1,1,1
64,0.56999999999999995115,0.56999999999999995115,0.56999999999999995115,0.56999999999999995115,0.56999999999999995115,0.56999999999999995115,0.56999999999999995115,0.56999999999999995115,0.56999999999999995115,3.4700000000000001954,3.4700000000000001954,3.4700000000000001954,3.4700000000000001954,3.4700000000000001954,3.4700000000000001954,3.4700000000000001954,3.4700000000000001954,3.4700000000000001954,1,1,1,1,1,1,1,1,1
65,0.56999999999999995115,0.56999999999999995115,0.56999999999999995115,0.56999999999999995115,0.56999999999999995115,0.56999999999999995115,0.56999999999999995115,0.56999999999999995115,0.56999999999999995115,3.4700000000000001954,3.4700000000000001954,3.4700000000000001954,3.4700000000000001954,3.4700000000000001954,3.4700000000000001954,3.4700000000000001954,3.4700000000000001954,3.4700000000000001954,1,1,1,1,1,1,1,1,1
66,0.56999999999999995115,0.56999999999999995115,0.56999999999999995115,0.56999999999999995115,0.56999999999999995115,0.56999999999999995115,0.56999999999999995115,0.56999999999999995115,0.56999999999999995115,3.4700000000000001954,3.4700000000000001954,3.4700000000000001954,3.4700000000000001954,3.4700000000000001954,3.4700000000000001954,3.4700000000000001954,3.4700000000000001954,3.4700000000000001954,1,1,1,1,1,1,1,1,1
67,0.56999999999999995115,0.56999999999999995115,0.56999999999999995115,0.56999999999999995115,0.56999999999999995115,0.56999999999999995115,0.56999999999999995115,0.56999999999999995115,0.56999999999999995115,3.4700000000000001954,3.4700000000000001954,3.4700000000000001954,3.4700000000000001954,3.4700000000000001954,3.4700000000000001954,3.4700000000000001954,3.4700000000000001954,3.4700000000000001954,1,1,1,1,1,1,1,1,1
68,0.56999999999999995115,0.56999999999999995115,0.56999999999999995115,0.56999999999999995115,0.56999999999999995115,0.56999999999999995115,0.56999999999999995115,0.56999999999999995115,0.56999999999999995115,3.4700000000000001954,3.4700000000000001954,3.4700000000000001954,3.4700000000000001954,3.4700000000000001954,3.4700000000000001954,3.4700000000000001954,3.4700000000000001954,3.4700000000000001954,1,1,1,1,1,1,1,1,1
69,0.56999999999999995115,0.56999999999999995115,0.56999999999999995115,0.56999999999999995115,0.56999999999999995115,0.56999999999999995115,0.56999999999999995115,0.56999999999999995115,0.56999999999999995115,3.4700000000000001954,3.4700000000000001954,3.4700000000000001954,3.4700000000000001954,3.4700000000000001954,3.4700000000000001954,3.4700000000000001954,3.4700000000000001954,3.4700000000000001954,1,1,1,1,1,1,1,1,1
70,0.56999999999999995115,0.56999999999999995115,0.56999999999999995115,0.56999999999999995115,0.56999999999999995115,0.56999999999999995115,0.56999999999999995115,0.56999999999999995115,0.56999999999999995115,3.4700000000000001954,3.4700000000000001954,3.4700000000000001954,3.4700000000000001954,3.4700000000000001954,3.4700000000000001954,3.4700000000000001954,3.4700000000000001954,3.4700000000000001954,1,1,1,1,1,1,1,1,1
71,0.56999999999999995115,0.56999999999999995115,0.56999999999999995115,0.56999999999999995115,0.56999999999999995115,0.56999999999999995115,0.56999999999999995115,0.56999999999999995115,0.56999999999999995115,3.4700000000000001954,3.4700000000000001954,3.4700000000000001954,3.4700000000000001954,3.4700000000000001954,3.4700000000000001954,3.4700000000000001954,3.4700000000000001954,3.4700000000000001954,1,1,1,1,1,1,1,1,1
72,0.56999999999999995115,0.56999999999999995115,0.56999999999999995115,0.56999999999999995115,0.56999999999999995115,0.56999999999999995115,0.56999999999999995115,0.56999999999999995115,0.56999999999999995115,3.4700000000000001954,3.4700000000000001954,3.4700000000000001954,3.4700000000000001954,3.4700000000000001954,3.4700000000000001954,3.4700000000000001954,3.4700000000000001954,3.4700000000000001954,1,1,1,1,1,1,1,1,1
73,0.56999999999999995115,0.56999999999999995115,0.56999999999999995115,0.56999999999999995115,0.56999999999999995115,0.56999999999999995115,0.56999999999999995115,0.56999999999999995115,0.56999999999999995115,3.4700000000000001954,3.4700000000000001954,3.4700000000000001954,3.4700000000000001954,3.4700000000000001954,3.4700000000000001954,3.4700000000000001954,3.4700000000000001954,3.4700000000000001954,1,1,1,1,1,1,1,1,1
74,0.56999999999999995115,0.56999999999999995115,0.56999999999999995115,0.56999999999999995115,0.56999999999999995115,0.56999999999999995115,0.56999999999999995115,0.56999999999999995115,0.56999999999999995115,3.4700000000000001954,3.4700000000000001954,3.4700000000000001954,3.4700000000000001954,3.4700000000000001954,3.4700000000000001954,3.4700000000000001954,3.4700000000000001954,3.4700000000000001954,1,1,1,1,1,1,1,1,1
75,0.56999999999999995115,0.56999999999999995115,0.56999999999999995115,0.56999999999999995115,0.56999999999999995115,0.56999999999999995115,0.56999999999999995115,0.56999999999999995115,0.56999999999999995115,3.4700000000000001954,3.4700000000000001954,3.4700000000000001954,3.4700000000000001954,3.4700000000000001954,3.4700000000000001954,3.4700000000000001954,3.4700000000000001954,3.4700000000000001954,1,1,1,1,1,1,1,1,1
76,0.56999999999999995115,0.56999999999999995115,0.56999999999999995115,0.56999999999999995115,0.56999999999999995115,0.56999999999999995115,0.56999999999999995115,0.56999999999999995115,0.56999999999999995115,3.4700000000000001954,3.4700000000000001954,3.4700000000000001954,3.4700000000000001954,3.4700000000000001954,3.4700000000000001954,3.4700000000000001954,3.4700000000000001954,3.4700000000000001954,1,1,1,1,1,1,1,1,1
77,0.56999999999999995115,0.56999999999999995115,0.56999999999999995115,0.56999999999999995115,0.56999999999999995115,0.56999999999999995115,0.56999999999999995115,0.56999999999999995115,0.56999999999999995115,3.4700000000000001954,3.4700000000000001954,3.4700000000000001954,3.4700000000000001954,3.4700000000000001954,3.4700000000000001954,3.4700000000000001954,3.4700000000000001954,3.4700000000000001954,1,1,1,1,1,1,1,1,1
78,0.56999999999999995115,0.56999999999999995115,0.56999999999999995115,0.56999999999999995115,0.56999999999999995115,0.56999999999999995115,0.56999999999999995115,0.56999999999999995115,0.56999999999999995115,3.4700000000000001954,3.4700000000000001954,3.4700000000000001954,3.4700000000000001954,3.4700000000000001954,3.4700000000000001954,3.4700000000000001954,3.4700000000000001954,3.4700000000000001954,1,1,1,1,1,1,1,1,1
79,0.56999999999999995115,0.56999999999999995115,0.56999999999999995115,0.56999999999999995115,0.56999999999999995115,0.56999999999999995115,0.56999999999999995115,0.56999999999999995115,0.56999999999999995115,3.4700000000000001954,3.4700000000000001954,3.4700000000000001954,3.4700000000000001954,3.4700000000000001954,3.4700000000000001954,3.4700000000000001954,3.4700000000000001954,3.4700000000000001954,1,1,1,1,1,1,1,1,1
80,0.56999999999999995115,0.56999999999999995115,0.56999999999999995115,0.56999999999999995115,0.56999999999999995115,0.56999999999999995115,0.56999999999999995115,0.56999999999999995115,0.56999999999999995115,3.4700000000000001954,3.4700000000000001954,3.4700000000000001954,3.4700000000000001954,3.4700000000000001954,3.4700000000000001954,3.4700000000000001954,3.4700000000000001954,3.4700000000000001954,1,1,1,1,1,1,1,1,1
81,0.56999999999999995115,0.56999999999999995115,0.56999999999999995115,0.56999999999999995115,0.56999999999999995115,0.56999999999999995115,0.56999999999999995115,0.56999999999999995115,0.56999999999999995115,3.4700000000000001954,3.4700000000000001954,3.4700000000000001954,3.4700000000000001954,3.4700000000000001954,3.4700000000000001954,3.4700000000000001954,3.4700000000000001954,3.4700000000000001954,1,1,1,1,1,1,1,1,1
82,0.56999999999999995115,0.56999999999999995115,0.56999999999999995115,0.56999999999999995115,0.56999999999999995115,0.56999999999999995115,0.56999999999999995115,0.56999999999999995115,0.56999999999999995115,3.4700000000000001954,3.4700000000000001954,3.4700000000000001954,3.4700000000000001954,3.4700000000000001954,3.4700000000000001954,3.4700000000000001954,3.4700000000000001954,3.4700000000000001954,1,1,1,1,1,1,1,1,1
83,0.56999999999999995115,0.56999999999999995115,0.56999999999999995115,0.56999999999999995115,0.56999999999999995115,0.56999999999999995115,0.56999999999999995115,0.56999999999999995115,0.56999999999999995115,3.4700000000000001954,3.4700000000000001954,3.4700000000000001954,3.4700000000000001954,3.4700000000000001954,3.4700000000000001954,3.4700000000000001954,3.4700000000000001954,3.4700000000000001954,1,1,1,1,1,1,1,1,1
84,0.56999999999999995115,0.56999999999999995115,0.56999999999999995115,0.56999999999999995115,0.56999999999999995115,0.56999999999999995115,0.56999999999999995115,0.56999999999999995115,0.56999999999999995115,3.4700000000000001954,3.4700000000000001954,3.4700000000000001954,3.4700000000000001954,3.4700000000000001954,3.4700000000000001954,3.4700000000000001954,3.4700000000000001954,3.4700000000000001954,1,1,1,1,1,1,1,1,1
85,0.56999999999999995115,0.56999999999999995115,0.56999999999999995115,0.56999999999999995115,0.56999999999999995115,0.56999999999999995115,0.56999999999999995115,0.56999999999999995115,0.56999999999999995115,3.4700000000000001954,3.4700000000000001954,3.4700000000000001954,3.4700000000000001954,3.4700000000000001954,3.4700000000000001954,3.4700000000000001954,3.4700000000000001954,3.4700000000000001954,1,1,1,1,1,1,1,1,1
86,0.56999999999999995115,0.56999999999999995115,0.56999999999999995115,0.56999999999999995115,0.56999999999999995115,0.56999999999999995115,0.56999999999999995115,0.56999999999999995115,0.56999999999999995115,3.4700000000000001954,3.4700000000000001954,3.4700000000000001954,3.4700000000000001954,3.4700000000000001954,3.4700000000000001954,3.4700000000000001954,3.4700000000000001954,3.4700000000000001954,1,1,1,1,1,1,1,1,1
87,0.56999999999999995115,0.56999999999999995115,0.56999999999999995115,0.56999999999999995115,0.56999999999999995115,0.56999999999999995115,0.56999999999999995115,0.56999999999999995115,0.56999999999999995115,3.4700000000000001954,3.4700000000000001954,3.4700000000000001954,3.4700000000000001954,3.4700000000000001954,3.4700000000000001954,3.4700000000000001954,3.4700000000000001954,3.4700000000000001954,1,1,1,1,1,1,1,1,1
88,0.56999999999999995115,0.56999999999999995115,0.56999999999999995115,0.56999999999999995115,0.56999999999999995115,0.56999999999999995115,0.56999999999999995115,0.56999999999999995115,0.56999999999999995115,3.4700000000000001954,3.4700000000000001954,3.4700000000000001954,3.4700000000000001954,3.4700000000000001954,3.4700000000000001954,3.4700000000000001954,3.4700000000000001954,3.4700000000000001954,1,1,1,1,1,1,1,1,1
89,0.56999999999999995115,0.56999999999999995115,0.56999999999999995115,0.56999999999999995115,0.56999999999999995115,0.56999999999999995115,0.56999999999999995115,0.56999999999999995115,0.56999999999999995115,3.4700000000000001954,3.4700000000000001954,3.4700000000000001954,3.4700000000000001954,3.4700000000000001954,3.4700000000000001954,3.4700000000000001954,3.4700000000000001954,3.4700000000000001954,1,1,1,1,1,1,1,1,1
90,0.56999999999999995115,0.56999999999999995115,0.56999999999999995115,0.56999999999999995115,0.56999999999999995115,0.56999999999999995115,0.56999999999999995115,0.56999999999999995115,0.56999999999999995115,3.4700000000000001954,3.4700000000000001954,3.4700000000000001954,3.4700000000000001954,3.4700000000000001954,3.4700000000000001954,3.4700000000000001954,3.4700000000000001954,3.4700000000000001954,1,1,1,1,1,1,1,1,1
91,0.56999999999999995115,0.56999999999999995115,0.56999999999999995115,0.56999999999999995115,0.56999999999999995115,0.56999999999999995115,0.56999999999999995115,0.56999999999999995115,0.56999999999999995115,3.4700000000000001954,3.4700000000000001954,3.4700000000000001954,3.4700000000000001954,3.4700000000000001954,3.4700000000000001954,3.4700000000000001954,3.4700000000000001954,3.4700000000000001954,1,1,1,1,1,1,1,1,1
92,0.56999999999999995115,0.56999999999999995115,0.56999999999999995115,0.56999999999999995115,0.56999999999999995115,0.56999999999999995115,0.56999999999999995115,0.56999999999999995115,0.56999999999999995115,3.4700000000000001954,3.4700000000000001954,3.4700000000000001954,3.4700000000000001954,3.4700000000000001954,3.4700000000000001954,3.4700000000000001954,3.4700000000000001954,3.4700000000000001954,1,1,1,1,1,1,1,1,1
93,0.56999999999999995115,0.56999999999999995115,0.56999999999999995115,0.56999999999999995115,0.56999999999999995115,0.56999999999999995115,0.56999999999999995115,0.56999999999999995115,0.56999999999999995115,3.4700000000000001954,3.4700000000000001954,3.4700000000000001954,3.4700000000000001954,3.4700000000000001954,3.4700000000000001954,3.4700000000000001954,3.4700000000000001954,3.4700000000000001954,1,1,1,1,1,1,1,1,1
94,0.56999999999999995115,0.56999999999999995115,0.56999999999999995115,0.56999999999999995115,0.56999999999999995115,0.56999999999999995115,0.56999999999999995115,0.56999999999999995115,0.56999999999999995115,3.4700000000000001954,3.4700000000000001954,3.4700000000000001954,3.4700000000000001954,3.4700000000000001954,3.4700000000000001954,3.4700000000000001954,3.4700000000000001954,3.4700000000000001954,1,1,1,1,1,1,1,1,1
95,0.56999999999999995115,0.56999999999999995115,0.56999999999999995115,0.56999999999999995115,0.56999999999999995115,0.56999999999999995115,0.56999999999999995115,0.56999999999999995115,0.56999999999999995115,3.4700000000000001954,3.4700000000000001954,3.4700000000000001954,3.4700000000000001954,3.4700000000000001954,3.4700000000000001954,3.4700000000000001954,3.4700000000000001954,3.4700000000000001954,1,1,1,1,1,1,1,1,1
96,0.56999999999999995115,0.56999999999999995115,0.56999999999999995115,0.56999999999999995115,0.56999999999999995115,0.56999999999999995115,0.56999999999999995115,0.56999999999999995115,0.56999999999999995115,3.4700000000000001954,3.4700000000000001954,3.4700000000000001954,3.4700000000000001954,3.4700000000000001954,3.4700000000000001954,3.4700000000000001954,3.4700000000000001954,3.4700000000000001954,1,1,1,1,1,1,1,1,1
97,0.56999999999999995115,0.56999999999999995115,0.56999999999999995115,0.56999999999999995115,0.56999999999999995115,0.56999999999999995115,0.56999999999999995115,0.56999999999999995115,0.56999999999999995115,3.4700000000000001954,3.4700000000000001954,3.4700000000000001954,3.4700000000000001954,3.4700000000000001954,3.4700000000000001954,3.4700000000000001954,3.4700000000000001954,3.4700000000000001954,1,1,1,1,1,1,1,1,1
98,0.56999999999999995115,0.56999999999999995115,0.56999999999999995115,0.56999999999999995115,0.56999999999999995115,0.56999999999999995115,0.56999999999999995115,0.56999999999999995115,0.56999999999999995115,3.4700000000000001954,3.4700000000000001954,3.4700000000000001954,3.4700000000000001954,3.4700000000000001954,3.4700000000000001954,3.4700000000000001954,3.4700000000000001954,3.4700000000000001954,1,1,1,1,1,1,1,1,1
99,0.56999999999999995115,0.56999999999999995115,0.56999999999999995115,0.56999999999999995115,0.56999999999999995115,0.56999999999999995115,0.56999999999999995115,0.56999999999999995115,0.56999999999999995115,3.4700000000000001954,3.4700000000000001954,3.4700000000000001954,3.4700000000000001954,3.4700000000000001954,3.4700000000000001954,3.4700000000000001954,3.4700000000000001954,3.4700000000000001954,1,1,1,1,1,1,1,1,1
100,0.56999999999999995115,0.56999999999999995115,0.56999999999999995115,0.56999999999999995115,0.56999999999999995115,0.56999999999999995115,0.56999999999999995115,0.56999999999999995115,0.56999999999999995115,3.4700000000000001954,3.4700000000000001954,3.4700000000000001954,3.4700000000000001954,3.4700000000000001954,3.4700000000000001954,3.4700000000000001954,3.4700000000000001954,3.4700000000000001954,1,1,1,1,1,1,1,1,1
101,0.56999999999999995115,0.56999999999999995115,0.56999999999999995115,0.56999999999999995115,0.56999999999999995115,0.56999999999999995115,0.56999999999999995115,0.56999999999999995115,0.56999999999999995115,3.4700000000000001954,3.4700000000000001954,3.4700000000000001954,3.4700000000000001954,3.4700000000000001954,3.4700000000000001954,3.4700000000000001954,3.4700000000000001954,3.4700000000000001954,1,1,1,1,1,1,1,1,1
102,0.56999999999999995115,0.56999999999999995115,0.56999999999999995115,0.56999999999999995115,0.56999999999999995115,0.56999999999999995115,0.56999999999999995115,0.56999999999999995115,0.56999999999999995115,3.4700000000000001954,3.4700000000000001954,3.4700000000000001954,3.4700000000000001954,3.4700000000000001954,3.4700000000000001954,3.4700000000000001954,3.4700000000000001954,3.4700000000000001954,1,1,1,1,1,1,1,1,1
103,0.56999999999999995115,0.56999999999999995115,0.56999999999999995115,0.56999999999999995115,0.56999999999999995115,0.56999999999999995115,0.56999999999999995115,0.56999999999999995115,0.56999999999999995115,3.4700000000000001954,3.4700000000000001954,3.4700000000000001954,3.4700000000000001954,3.4700000000000001954,3.4700000000000001954,3.4700000000000001954,3.4700000000000001954,3.4700000000000001954,1,1,1,1,1,1,1,1,1
104,0.56999999999999995115,0.56999999999999995115,0.56999999999999995115,0.56999999999999995115,0.56999999999999995115,0.56999999999999995115,0.56999999999999995115,0.56999999999999995115,0.56999999999999995115,3.4700000000000001954,3.4700000000000001954,3.4700000000000001954,3.4700000000000001954,3.4700000000000001954,3.4700000000000001954,3.4700000000000001954,3.4700000000000001954,3.4700000000000001954,1,1,1,1,1,1,1,1,1
105,0.56999999999999995115,0.56999999999999995115,0.56999999999999995115,0.56999999999999995115,0.56999999999999995115,0.56999999999999995115,0.56999999999999995115,0.56999999999999995115,0.56999999999999995115,3.4700000000000001954,3.4700000000000001954,3.4700000000000001954,3.4700000000000001954,3.4700000000000001954,3.4700000000000001954,3.4700000000000001954,3.4700000000000001954,3.4700000000000001954,1,1,1,1,1,1,1,1,1
106,0.56999999999999995115,0.56999999999999995115,0.56999999999999995115,0.56999999999999995115,0.56999999999999995115,0.56999999999999995115,0.56999999999999995115,0.56999999999999995115,0.56999999999999995115,3.4700000000000001954,3.4700000000000001954,3.4700000000000001954,3.4700000000000001954,3.4700000000000001954,3.4700000000000001954,3.4700000000000001954,3.4700000000000001954,3.4700000000000001954,1,1,1,1,1,1,1,1,1
107,0.56999999999999995115,0.56999999999999995115,0.56999999999999995115,0.56999999999999995115,0.56999999999999995115,0.56999999999999995115,0.56999999999999995115,0.56999999999999995115,0.56999999999999995115,3.4700000000000001954,3.4700000000000001954,3.4700000000000001954,3.4700000000000001954,3.4700000000000001954,3.4700000000000001954,3.4700000000000001954,3.4700000000000001954,3.4700000000000001954,1,1,1,1,1,1,1,1,1
108,0.56999999999999995115,0.56999999999999995115,0.56999999999999995115,0.56999999999999995115,0.56999999999999995115,0.56999999999999995115,0.56999999999999995115,0.56999999999999995115,0.56999999999999995115,3.4700000000000001954,3.4700000000000001954,3.4700000000000001954,3.4700000000000001954,3.4700000000000001954,3.4700000000000001954,3.4700000000000001954,3.4700000000000001954,3.4700000000000001954,1,1,1,1,1,1,1,1,1
109,0.56999999999999995115,0.56999999999999995115,0.56999999999999995115,0.56999999999999995115,0.56999999999999995115,0.56999999999999995115,0.56999999999999995115,0.56999999999999995115,0.56999999999999995115,3.4700000000000001954,3.4700000000000001954,3.4700000000000001954,3.4700000000000001954,3.4700000000000001954,3.4700000000000001954,3.4700000000000001954,3.4700000000000001954,3.4700000000000001954,1,1,1,1,1,1,1,1,1
110,0.56999999999999995115,0.56999999999999995115,0.56999999999999995115,0.56999999999999995115,0.56999999999999995115,0.56999999999999995115,0.56999999999999995115,0.56999999999999995115,0.56999999999999995115,3.4700000000000001954,3.4700000000000001954,3.4700000000000001954,3.4700000000000001954,3.4700000000000001954,3.4700000000000001954,3.4700000000000001954,3.4700000000000001954,3.4700000000000001954,1,1,1,1,1,1,1,1,1
111,0.56999999999999995115,0.56999999999999995115,0.56999999999999995115,0.56999999999999995115,0.56999999999999995115,0.56999999999999995115,0.56999999999999995115,0.56999999999999995115,0.56999999999999995115,3.4700000000000001954,3.4700000000000001954,3.4700000000000001954,3.4700000000000001954,3.4700000000000001954,3.4700000000000001954,3.4700000000000001954,3.4700000000000001954,3.4700000000000001954,1,1,1,1,1,1,1,1,1
112,0.56999999999999995115,0.56999999999999995115,0.56999999999999995115,0.56999999999999995115,0.56999999999999995115,0.56999999999999995115,0.56999999999999995115,0.56999999999999995115,0.56999999999999995115,3.4700000000000001954,3.4700000000000001954,3.4700000000000001954,3.4700000000000001954,3.4700000000000001954,3.4700000000000001954,3.4700000000000001954,3.4700000000000001954,3.4700000000000001954,1,1,1,1,1,1,1,1,1
113,0.56999999999999995115,0.56999999999999995115,0.56999999999999995115,0.56999999999999995115,0.56999999999999995115,0.56999999999999995115,0.56999999999999995115,0.56999999999999995115,0.56999999999999995115,3.4700000000000001954,3.4700000000000001954,3.4700000000000001954,3.4700000000000001954,3.4700000000000001954,3.4700000000000001954,3.4700000000000001954,3.4700000000000001954,3.4700000000000001954,1,1,1,1,1,1,1,1,1
114,0.56999999999999995115,0.56999999999999995115,0.56999999999999995115,0.56999999999999995115,0.56999999999999995115,0.56999999999999995115,0.56999999999999995115,0.56999999999999995115,0.56999999999999995115,3.4700000000000001954,3.4700000000000001954,3.4700000000000001954,3.4700000000000001954,3.4700000000000001954,3.4700000000000001954,3.4700000000000001954,3.4700000000000001954,3.4700000000000001954,1,1,1,1,1,1,1,1,1
115,0.56999999999999995115,0.56999999999999995115,0.56999999999999995115,0.56999999999999995115,0.56999999999999995115,0.56999999999999995115,0.56999999999999995115,0.56999999999999995115,0.56999999999999995115,3.4700000000000001954,3.4700000000000001954,3.4700000000000001954,3.4700000000000001954,3.4700000000000001954,3.4700000000000001954,3.4700000000000001954,3.4700000000000001954,3.4700000000000001954,1,1,1,1,1,1,1,1,1
116,0.56999999999999995115,0.56999999999999995115,0.56999999999999995115,0.56999999999999995115,0.56999999999999995115,0.56999999999999995115,0.56999999999999995115,0.56999999999999995115,0.56999999999999995115,3.4700000000000001954,3.4700000000000001954,3.4700000000000001954,3.4700000000000001954,3.4700000000000001954,3.4700000000000001954,3.4700000000000001954,3.4700000000000001954,3.4700000000000001954,1,1,1,1,1,1,1,1,1
117,0.56999999999999995115,0.56999999999999995115,0.56999999999999995115,0.56999999999999995115,0.56999999999999995115,0.56999999999999995115,0.56999999999999995115,0.56999999999999995115,0.56999999999999995115,3.4700000000000001954,3.4700000000000001954,3.4700000000000001954,3.4700000000000001954,3.4700000000000001954,3.4700000000000001954,3.4700000000000001954,3.4700000000000001954,3.4700000000000001954,1,1,1,1,1,1,1,1,1
118,0.56999999999999995115,0.56999999999999995115,0.56999999999999995115,0.56999999999999995115,0.56999999999999995115,0.56999999999999995115,0.56999999999999995115,0.56999999999999995115,0.56999999999999995115,3.4700000000000001954,3.4700000000000001954,3.4700000000000001954,3.4700000000000001954,3.4700000000000001954,3.4700000000000001954,3.4700000000000001954,3.4700000000000001954,3.4700000000000001954,1,1,1,1,1,1,1,1,1
119,0.56999999999999995115,0.56999999999999995115,0.56999999999999995115,0.56999999999999995115,0.56999999999999995115,0.56999999999999995115,0.56999999999999995115,0.56999999999999995115,0.56999999999999995115,3.4700000000000001954,3.4700000000000001954,3.4700000000000001954,3.4700000000000001954,3.4700000000000001954,3.4700000000000001954,3.4700000000000001954,3.4700000000000001954,3.4700000000000001954,1,1,1,1,1,1,1,1,1
120,0.56999999999999995115,0.56999999999999995115,0.56999999999999995115,0.56999999999999995115,0.56999999999999995115,0.56999999999999995115,0.56999999999999995115,0.56999999999999995115,0.56999999999999995115,3.4700000000000001954,3.4700000000000001954,3.4700000000000001954,3.4700000000000001954,3.4700000000000001954,3.4700000000000001954,3.4700000000000001954,3.4700000000000001954,3.4700000000000001954,1,1,1,1,1,1,1,1,1
121,0.56999999999999995115,0.56999999999999995115,0.56999999999999995115,0.56999999999999995115,0.56999999999999995115,0.56999999999999995115,0.56999999999999995115,0.56999999999999995115,0.56999999999999995115,3.4700000000000001954,3.4700000000000001954,3.4700000000000001954,3.4700000000000001954,3.4700000000000001954,3.4700000000000001954,3.4700000000000001954,3.4700000000000001954,3.4700000000000001954,1,1,1,1,1,1,1,1,1
122,0.56999999999999995115,0.56999999999999995115,0.56999999999999995115,0.56999999999999995115,0.56999999999999995115,0.56999999999999995115,0.56999999999999995115,0.56999999999999995115,0.56999999999999995115,3.4700000000000001954,3.4700000000000001954,3.4700000000000001954,3.4700000000000001954,3.4700000000000001954,3.4700000000000001954,3.4700000000000001954,3.4700000000000001954,3.4700000000000001954,1,1,1,1,1,1,1,1,1
123,0.56999999999999995115,0.56999999999999995115,0.56999999999999995115,0.56999999999999995115,0.56999999999999995115,0.56999999999999995115,0.56999999999999995115,0.56999999999999995115,0.56999999999999995115,3.4700000000000001954,3.4700000000000001954,3.4700000000000001954,3.4700000000000001954,3.4700000000000001954,3.4700000000000001954,3.4700000000000001954,3.4700000000000001954,3.4700000000000001954,1,1,1,1,1,1,1,1,1
124,0.56999999999999995115,0.56999999999999995115,0.56999999999999995115,0.56999999999999995115,0.56999999999999995115,0.56999999999999995115,0.56999999999999995115,0.56999999999999995115,0.56999999999999995115,3.4700000000000001954,3.4700000000000001954,3.4700000000000001954,3.4700000000000001954,3.4700000000000001954,3.4700000000000001954,3.4700000000000001954,3.4700000000000001954,3.4700000000000001954,1,1,1,1,1,1,1,1,1
125,0.56999999999999995115,0.56999999999999995115,0.56999999999999995115,0.56999999999999995115,0.56999999999999995115,0.56999999999999995115,0.56999999999999995115,0.56999999999999995115,0.56999999999999995115,3.4700000000000001954,3.4700000000000001954,3.4700000000000001954,3.4700000000000001954,3.4700000000000001954,3.4700000000000001954,3.4700000000000001954,3.4700000000000001954,3.4700000000000001954,1,1,1,1,1,1,1,1,1
126,0.56999999999999995115,0.56999999999999995115,0.56999999999999995115,0.56999999999999995115,0.56999999999999995115,0.56999999999999995115,0.56999999999999995115,0.56999999999999995115,0.56999999999999995115,3.4700000000000001954,3.4700000000000001954,3.4700000000000001954,3.4700000000000001954,3.4700000000000001954,3.4700000000000001954,3.4700000000000001954,3.4700000000000001954,3.4700000000000001954,1,1,1,1,1,1,1,1,1
127,0.56999999999999995115,0.56999999999999995115,0.56999999999999995115,0.56999999999999995115,0.56999999999999995115,0.56999999999999995115,0.56999999999999995115,0.56999999999999995115,0.56999999999999995115,3.4700000000000001954,3.4700000000000001954,3.4700000000000001954,3.4700000000000001954,3.4700000000000001954,3.4700000000000001954,3.4700000000000001954,3.4700000000000001954,3.4700000000000001954,1,1,1,1,1,1,1,1,1
128,0.56999999999999995115,0.56999999999999995115,0.56999999999999995115,0.56999999999999995115,0.56999999999999995115,0.56999999999999995115,0.56999999999999995115,0.56999999999999995115,0.56999999999999995115,3.4700000000000001954,3.4700000000000001954,3.4700000000000001954,3.4700000000000001954,3.4700000000000001954,3.4700000000000001954,3.4700000000000001954,3.4700000000000001954,3.4700000000000001954,1,1,1,1,1,1,1,1,1
129,0.56999999999999995115,0.56999999999999995115,0.56999999999999995115,0.56999999999999995115,0.56999999999999995115,0.56999999999999995115,0.56999999999999995115,0.56999999999999995115,0.56999999999999995115,3.4700000000000001954,3.4700000000000001954,3.4700000000000001954,3.4700000000000001954,3.4700000000000001954,3.4700000000000001954,3.4700000000000001954,3.4700000000000001954,3.4700000000000001954,1,1,1,1,1,1,1,1,1
130,0.56999999999999995115,0.56999999999999995115,0.56999999999999995115,0.56999999999999995115,0.56999999999999995115,0.56999999999999995115,0.56999999999999995115,0.56999999999999995115,0.56999999999999995115,3.4700000000000001954,3.4700000000000001954,3.4700000000000001954,3.4700000000000001954,3.4700000000000001954,3.4700000000000001954,3.4700000000000001954,3.4700000000000001954,3.4700000000000001954,1,1,1,1,1,1,1,1,1
131,0.56999999999999995115,0.56999999999999995115,0.56999999999999995115,0.56999999999999995115,0.56999999999999995115,0.56999999999999995115,0.56999999999999995115,0.56999999999999995115,0.56999999999999995115,3.4700000000000001954,3.4700000000000001954,3.4700000000000001954,3.4700000000000001954,3.4700000000000001954,3.4700000000000001954,3.4700000000000001954,3.4700000000000001954,3.4700000000000001954,1,1,1,1,1,1,1,1,1
132,0.56999999999999995115,0.56999999999999995115,0.56999999999999995115,0.56999999999999995115,0.56999999999999995115,0.56999999999999995115,0.56999999999999995115,0.56999999999999995115,0.56999999999999995115,3.4700000000000001954,3.4700000000000001954,3.4700000000000001954,3.4700000000000001954,3.4700000000000001954,3.4700000000000001954,3.4700000000000001954,3.4700000000000001954,3.4700000000000001954,1,1,1,1,1,1,1,1,1
133,0.56999999999999995115,0.56999999999999995115,0.56999999999999995115,0.56999999999999995115,0.56999999999999995115,0.56999999999999995115,0.56999999999999995115,0.56999999999999995115,0.56999999999999995115,3.4700000000000001954,3.4700000000000001954,3.4700000000000001954,3.4700000000000001954,3.4700000000000001954,3.4700000000000001954,3.4700000000000001954,3.4700000000000001954,3.4700000000000001954,1,1,1,1,1,1,1,1,1
134,0.56999999999999995115,0.56999999999999995115,0.56999999999999995115,0.56999999999999995115,0.56999999999999995115,0.56999999999999995115,0.56999999999999995115,0.56999999999999995115,0.56999999999999995115,3.4700000000000001954,3.4700000000000001954,3.4700000000000001954,3.4700000000000001954,3.4700000000000001954,3.4700000000000001954,3.4700000000000001954,3.4700000000000001954,3.4700000000000001954,1,1,1,1,1,1,1,1,1
135,0.56999999999999995115,0.56999999999999995115,0.56999999999999995115,0.56999999999999995115,0.56999999999999995115,0.56999999999999995115,0.56999999999999995115,0.56999999999999995115,0.56999999999999995115,3.4700000000000001954,3.4700000000000001954,3.4700000000000001954,3.4700000000000001954,3.4700000000000001954,3.4700000000000001954,3.4700000000000001954,3.4700000000000001954,3.4700000000000001954,1,1,1,1,1,1,1,1,1
136,0.56999999999999995115,0.56999999999999995115,0.56999999999999995115,0.56999999999999995115,0.56999999999999995115,0.56999999999999995115,0.56999999999999995115,0.56999999999999995115,0.56999999999999995115,3.4700000000000001954,3.4700000000000001954,3.4700000000000001954,3.4700000000000001954,3.4700000000000001954,3.4700000000000001954,3.4700000000000001954,3.4700000000000001954,3.4700000000000001954,1,1,1,1,1,1,1,1,1
137,0.56999999999999995115,0.56999999999999995115,0.56999999999999995115,0.56999999999999995115,0.56999999999999995115,0.56999999999999995115,0.56999999999999995115,0.56999999999999995115,0.56999999999999995115,3.4700000000000001954,3.4700000000000001954,3.4700000000000001954,3.4700000000000001954,3.4700000000000001954,3.4700000000000001954,3.4700000000000001954,3.4700000000000001954,3.4700000000000001954,1,1,1,1,1,1,1,1,1
138,0.56999999999999995115,0.56999999999999995115,0.56999999999999995115,0.56999999999999995115,0.56999999999999995115,0.56999999999999995115,0.56999999999999995115,0.56999999999999995115,0.56999999999999995115,3.4700000000000001954,3.4700000000000001954,3.4700000000000001954,3.4700000000000001954,3.4700000000000001954,3.4700000000000001954,3.4700000000000001954,3.4700000000000001954,3.4700000000000001954,1,1,1,1,1,1,1,1,1
139,0.56999999999999995115,0.56999999999999995115,0.56999999999999995115,0.56999999999999995115,0.56999999999999995115,0.56999999999999995115,0.56999999999999995115,0.56999999999999995115,0.56999999999999995115,3.4700000000000001954,3.4700000000000001954,3.4700000000000001954,3.4700000000000001954,3.4700000000000001954,3.4700000000000001954,3.4700000000000001954,3.4700000000000001954,3.4700000000000001954,1,1,1,1,1,1,1,1,1
140,0.56999999999999995115,0.56999999999999995115,0.56999999999999995115,0.56999999999999995115,0.56999999999999995115,0.56999999999999995115,0.56999999999999995115,0.56999999999999995115,0.56999999999999995115,3.4700000000000001954,3.4700000000000001954,3.4700000000000001954,3.4700000000000001954,3.4700000000000001954,3.4700000000000001954,3.4700000000000001954,3.4700000000000001954,3.4700000000000001954,1,1,1,1,1,1,1,1,1
141,0.56999999999999995115,0.56999999999999995115,0.56999999999999995115,0.56999999999999995115,0.56999999999999995115,0.56999999999999995115,0.56999999999999995115,0.56999999999999995115,0.56999999999999995115,3.4700000000000001954,3.4700000000000001954,3.4700000000000001954,3.4700000000000001954,3.4700000000000001954,3.4700000000000001954,3.4700000000000001954,3.4700000000000001954,3.4700000000000001954,1,1,1,1,1,1,1,1,1
142,0.56999999999999995115,0.56999999999999995115,0.56999999999999995115,0.56999999999999995115,0.56999999999999995115,0.56999999999999995115,0.56999999999999995115,0.56999999999999995115,0.56999999999999995115,3.4700000000000001954,3.4700000000000001954,3.4700000000000001954,3.4700000000000001954,3.4700000000000001954,3.4700000000000001954,3.4700000000000001954,3.4700000000000001954,3.4700000000000001954,1,1,1,1,1,1,1,1,1
143,0.56999999999999995115,0.56999999999999995115,0.56999999999999995115,0.56999999999999995115,0.56999999999999995115,0.56999999999999995115,0.56999999999999995115,0.56999999999999995115,0.56999999999999995115,3.4700000000000001954,3.4700000000000001954,3.4700000000000001954,3.4700000000000001954,3.4700000000000001954,3.4700000000000001954,3.4700000000000001954,3.4700000000000001954,3.4700000000000001954,1,1,1,1,1,1,1,1,1
144,0.56999999999999995115,0.56999999999999995115,0.56999999999999995115,0.56999999999999995115,0.56999999999999995115,0.56999999999999995115,0.56999999999999995115,0.56999999999999995115,0.56999999999999995115,3.4700000000000001954,3.4700000000000001954,3.4700000000000001954,3.4700000000000001954,3.4700000000000001954,3.4700000000000001954,3.4700000000000001954,3.4700000000000001954,3.4700000000000001954,1,1,1,1,1,1,1,1,1
145,0.56999999999999995115,0.56999999999999995115,0.56999999999999995115,0.56999999999999995115,0.56999999999999995115,0.56999999999999995115,0.56999999999999995115,0.56999999999999995115,0.56999999999999995115,3.4700000000000001954,3.4700000000000001954,3.4700000000000001954,3.4700000000000001954,3.4700000000000001954,3.4700000000000001954,3.4700000000000001954,3.4700000000000001954,3.4700000000000001954,1,1,1,1,1,1,1,1,1
146,0.56999999999999995115,0.56999999999999995115,0.56999999999999995115,0.56999999999999995115,0.56999999999999995115,0.56999999999999995115,0.56999999999999995115,0.56999999999999995115,0.56999999999999995115,3.4700000000000001954,3.4700000000000001954,3.4700000000000001954,3.4700000000000001954,3.4700000000000001954,3.4700000000000001954,3.4700000000000001954,3.4700000000000001954,3.4700000000000001954,1,1,1,1,1,1,1,1,1
147,0.56999999999999995115,0.56999999999999995115,0.56999999999999995115,0.56999999999999995115,0.56999999999999995115,0.56999999999999995115,0.56999999999999995115,0.56999999999999995115,0.56999999999999995115,3.4700000000000001954,3.4700000000000001954,3.4700000000000001954,3.4700000000000001954,3.4700000000000001954,3.4700000000000001954,3.4700000000000001954,3.4700000000000001954,3.4700000000000001954,1,1,1,1,1,1,1,1,1
148,0.56999999999999995115,0.56999999999999995115,0.56999999999999995115,0.56999999999999995115,0.56999999999999995115,0.56999999999999995115,0.56999999999999995115,0.56999999999999995115,0.56999999999999995115,3.4700000000000001954,3.4700000000000001954,3.4700000000000001954,3.4700000000000001954,3.4700000000000001954,3.4700000000000001954,3.4700000000000001954,3.4700000000000001954,3.4700000000000001954,1,1,1,1,1,1,1,1,1
149,0.56999999999999995115,0.56999999999999995115,0.56999999999999995115,0.56999999999999995115,0.56999999999999995115,0.56999999999999995115,0.56999999999999995115,0.56999999999999995115,0.56999999999999995115,3.4700000000000001954,3.4700000000000001954,3.4700000000000001954,3.4700000000000001954,3.4700000000000001954,3.4700000000000001954,3.4700000000000001954,3.4700000000000001954,3.4700000000000001954,1,1,1,1,1,1,1,1,1
150,0.56999999999999995115,0.56999999999999995115,0.56999999999999995115,0.56999999999999995115,0.56999999999999995115,0.56999999999999995115,0.56999999999999995115,0.56999999999999995115,0.56999999999999995115,3.4700000000000001954,3.4700000000000001954,3.4700000000000001954,3.4700000000000001954,3.4700000000000001954,3.4700000000000001954,3.4700000000000001954,3.4700000000000001954,3.4700000000000001954,1,1,1,1,1,1,1,1,1
151,0.56999999999999995115,0.56999999999999995115,0.56999999999999995115,0.56999999999999995115,0.56999999999999995115,0.56999999999999995115,0.56999999999999995115,0.56999999999999995115,0.56999999999999995115,3.4700000000000001954,3.4700000000000001954,3.4700000000000001954,3.4700000000000001954,3.4700000000000001954,3.4700000000000001954,3.4700000000000001954,3.4700000000000001954,3.4700000000000001954,1,1,1,1,1,1,1,1,1
152,0.56999999999999995115,0.56999999999999995115,0.56999999999999995115,0.56999999999999995115,0.56999999999999995115,0.56999999999999995115,0.56999999999999995115,0.56999999999999995115,0.56999999999999995115,3.4700000000000001954,3.4700000000000001954,3.4700000000000001954,3.4700000000000001954,3.4700000000000001954,3.4700000000000001954,3.4700000000000001954,3.4700000000000001954,3.4700000000000001954,1,1,1,1,1,1,1,1,1
153,0.56999999999999995115,0.56999999999999995115,0.56999999999999995115,0.56999999999999995115,0.56999999999999995115,0.56999999999999995115,0.56999999999999995115,0.56999999999999995115,0.56999999999999995115,3.4700000000000001954,3.4700000000000001954,3.4700000000000001954,3.4700000000000001954,3.4700000000000001954,3.4700000000000001954,3.4700000000000001954,3.4700000000000001954,3.4700000000000001954,1,1,1,1,1,1,1,1,1
154,0.56999999999999995115,0.56999999999999995115,0.56999999999999995115,0.56999999999999995115,0.56999999999999995115,0.56999999999999995115,0.56999999999999995115,0.56999999999999995115,0.56999999999999995115,3.4700000000000001954,3.4700000000000001954,3.4700000000000001954,3.4700000000000001954,3.4700000000000001954,3.4700000000000001954,3.4700000000000001954,3.4700000000000001954,3.4700000000000001954,1,1,1,1,1,1,1,1,1
155,0.56999999999999995115,0.56999999999999995115,0.56999999999999995115,0.56999999999999995115,0.56999999999999995115,0.56999999999999995115,0.56999999999999995115,0.56999999999999995115,0.56999999999999995115,3.4700000000000001954,3.4700000000000001954,3.4700000000000001954,3.4700000000000001954,3.4700000000000001954,3.4700000000000001954,3.4700000000000001954,3.4700000000000001954,3.4700000000000001954,1,1,1,1,1,1,1,1,1
156,0.56999999999999995115,0.56999999999999995115,0.56999999999999995115,0.56999999999999995115,0.56999999999999995115,0.56999999999999995115,0.56999999999999995115,0.56999999999999995115,0.56999999999999995115,3.4700000000000001954,3.4700000000000001954,3.4700000000000001954,3.4700000000000001954,3.4700000000000001954,3.4700000000000001954,3.4700000000000001954,3.4700000000000001954,3.4700000000000001954,1,1,1,1,1,1,1,1,1
157,0.56999999999999995115,0.56999999999999995115,0.56999999999999995115,0.56999999999999995115,0.56999999999999995115,0.56999999999999995115,0.56999999999999995115,0.56999999999999995115,0.56999999999999995115,3.4700000000000001954,3.4700000000000001954,3.4700000000000001954,3.4700000000000001954,3.4700000000000001954,3.4700000000000001954,3.4700000000000001954,3.4700000000000001954,3.4700000000000001954,1,1,1,1,1,1,1,1,1
158,0.56999999999999995115,0.56999999999999995115,0.56999999999999995115,0.56999999999999995115,0.56999999999999995115,0.56999999999999995115,0.56999999999999995115,0.56999999999999995115,0.56999999999999995115,3.4700000000000001954,3.4700000000000001954,3.4700000000000001954,3.4700000000000001954,3.4700000000000001954,3.4700000000000001954,3.4700000000000001954,3.4700000000000001954,3.4700000000000001954,1,1,1,1,1,1,1,1,1
159,0.56999999999999995115,0.56999999999999995115,0.56999999999999995115,0.56999999999999995115,0.56999999999999995115,0.56999999999999995115,0.56999999999999995115,0.56999999999999995115,0.56999999999999995115,3.4700000000000001954,3.4700000000000001954,3.4700000000000001954,3.4700000000000001954,3.4700000000000001954,3.4700000000000001954,3.4700000000000001954,3.4700000000000001954,3.4700000000000001954,1,1,1,1,1,1,1,1,1
160,0.56999999999999995115,0.56999999999999995115,0.56999999999999995115,0.56999999999999995115,0.56999999999999995115,0.56999999999999995115,0.56999999999999995115,0.56999999999999995115,0.56999999999999995115,3.4700000000000001954,3.4700000000000001954,3.4700000000000001954,3.4700000000000001954,3.4700000000000001954,3.4700000000000001954,3.4700000000000001954,3.4700000000000001954,3.4700000000000001954,1,1,1,1,1,1,1,1,1
161,0.56999999999999995115,0.56999999999999995115,0.56999999999999995115,0.56999999999999995115,0.56999999999999995115,0.56999999999999995115,0.56999999999999995115,0.56999999999999995115,0.56999999999999995115,3.4700000000000001954,3.4700000000000001954,3.4700000000000001954,3.4700000000000001954,3.4700000000000001954,3.4700000000000001954,3.4700000000000001954,3.4700000000000001954,3.4700000000000001954,1,1,1,1,1,1,1,1,1
162,0.56999999999999995115,0.56999999999999995115,0.56999999999999995115,0.56999999999999995115,0.56999999999999995115,0.56999999999999995115,0.56999999999999995115,0.56999999999999995115,0.56999999999999995115,3.4700000000000001954,3.4700000000000001954,3.4700000000000001954,3.4700000000000001954,3.4700000000000001954,3.4700000000000001954,3.4700000000000001954,3.4700000000000001954,3.4700000000000001954,1,1,1,1,1,1,1,1,1
163,0.56999999999999995115,0.56999999999999995115,0.56999999999999995115,0.56999999999999995115,0.56999999999999995115,0.56999999999999995115,0.56999999999999995115,0.56999999999999995115,0.56999999999999995115,3.4700000000000001954,3.4700000000000001954,3.4700000000000001954,3.4700000000000001954,3.4700000000000001954,3.4700000000000001954,3.4700000000000001954,3.4700000000000001954,3.4700000000000001954,1,1,1,1,1,1,1,1,1
164,0.56999999999999995115,0.56999999999999995115,0.56999999999999995115,0.56999999999999995115,0.56999999999999995115,0.56999999999999995115,0.56999999999999995115,0.56999999999999995115,0.56999999999999995115,3.4700000000000001954,3.4700000000000001954,3.4700000000000001954,3.4700000000000001954,3.4700000000000001954,3.4700000000000001954,3.4700000000000001954,3.4700000000000001954,3.4700000000000001954,1,1,1,1,1,1,1,1,1
165,0.56999999999999995115,0.56999999999999995115,0.56999999999999995115,0.56999999999999995115,0.56999999999999995115,0.56999999999999995115,0.56999999999999995115,0.56999999999999995115,0.56999999999999995115,3.4700000000000001954,3.4700000000000001954,3.4700000000000001954,3.4700000000000001954,3.4700000000000001954,3.4700000000000001954,3.4700000000000001954,3.4700000000000001954,3.4700000000000001954,1,1,1,1,1,1,1,1,1
166,0.56999999999999995115,0.56999999999999995115,0.56999999999999995115,0.56999999999999995115,0.56999999999999995115,0.56999999999999995115,0.56999999999999995115,0.56999999999999995115,0.56999999999999995115,3.4700000000000001954,3.4700000000000001954,3.4700000000000001954,3.4700000000000001954,3.4700000000000001954,3.4700000000000001954,3.4700000000000001954,3.4700000000000001954,3.4700000000000001954,1,1,1,1,1,1,1,1,1
167,0.56999999999999995115,0.56999999999999995115,0.56999999999999995115,0.56999999999999995115,0.56999999999999995115,0.56999999999999995115,0.56999999999999995115,0.56999999999999995115,0.56999999999999995115,3.4700000000000001954,3.4700000000000001954,3.4700000000000001954,3.4700000000000001954,3.4700000000000001954,3.4700000000000001954,3.4700000000000001954,3.4700000000000001954,3.4700000000000001954,1,1,1,1,1,1,1,1,1
168,0.56999999999999995115,0.56999999999999995115,0.56999999999999995115,0.56999999999999995115,0.56999999999999995115,0.56999999999999995115,0.56999999999999995115,0.56999999999999995115,0.56999999999999995115,3.4700000000000001954,3.4700000000000001954,3.4700000000000001954,3.4700000000000001954,3.4700000000000001954,3.4700000000000001954,3.4700000000000001954,3.4700000000000001954,3.4700000000000001954,1,1,1,1,1,1,1,1,1
169,0.56999999999999995115,0.56999999999999995115,0.56999999999999995115,0.56999999999999995115,0.56999999999999995115,0.56999999999999995115,0.56999999999999995115,0.56999999999999995115,0.56999999999999995115,3.4700000000000001954,3.4700000000000001954,3.4700000000000001954,3.4700000000000001954,3.4700000000000001954,3.4700000000000001954,3.4700000000000001954,3.4700000000000001954,3.4700000000000001954,1,1,1,1,1,1,1,1,1
170,0.56999999999999995115,0.56999999999999995115,0.56999999999999995115,0.56999999999999995115,0.56999999999999995115,0.56999999999999995115,0.56999999999999995115,0.56999999999999995115,0.56999999999999995115,3.4700000000000001954,3.4700000000000001954,3.4700000000000001954,3.4700000000000001954,3.4700000000000001954,3.4700000000000001954,3.4700000000000001954,3.4700000000000001954,3.4700000000000001954,1,1,1,1,1,1,1,1,1
171,0.56999999999999995115,0.56999999999999995115,0.56999999999999995115,0.56999999999999995115,0.56999999999999995115,0.56999999999999995115,0.56999999999999995115,0.56999999999999995115,0.56999999999999995115,3.4700000000000001954,3.4700000000000001954,3.4700000000000001954,3.4700000000000001954,3.4700000000000001954,3.4700000000000001954,3.4700000000000001954,3.4700000000000001954,3.4700000000000001954,1,1,1,1,1,1,1,1,1
172,0.56999999999999995115,0.56999999999999995115,0.56999999999999995115,0.56999999999999995115,0.56999999999999995115,0.56999999999999995115,0.56999999999999995115,0.56999999999999995115,0.56999999999999995115,3.4700000000000001954,3.4700000000000001954,3.4700000000000001954,3.4700000000000001954,3.4700000000000001954,3.4700000000000001954,3.4700000000000001954,3.4700000000000001954,3.4700000000000001954,1,1,1,1,1,1,1,1,1
173,0.56999999999999995115,0.56999999999999995115,0.56999999999999995115,0.56999999999999995115,0.56999999999999995115,0.56999999999999995115,0.56999999999999995115,0.56999999999999995115,0.56999999999999995115,3.4700000000000001954,3.4700000000000001954,3.4700000000000001954,3.4700000000000001954,3.4700000000000001954,3.4700000000000001954,3.4700000000000001954,3.4700000000000001954,3.4700000000000001954,1,1,1,1,1,1,1,1,1
174,0.56999999999999995115,0.56999999999999995115,0.56999999999999995115,0.56999999999999995115,0.56999999999999995115,0.56999999999999995115,0.56999999999999995115,0.56999999999999995115,0.56999999999999995115,3.4700000000000001954,3.4700000000000001954,3.4700000000000001954,3.4700000000000001954,3.4700000000000001954,3.4700000000000001954,3.4700000000000001954,3.4700000000000001954,3.4700000000000001954,1,1,1,1,1,1,1,1,1
175,0.56999999999999995115,0.56999999999999995115,0.56999999999999995115,0.56999999999999995115,0.56999999999999995115,0.56999999999999995115,0.56999999999999995115,0.56999999999999995115,0.56999999999999995115,3.4700000000000001954,3.4700000000000001954,3.4700000000000001954,3.4700000000000001954,3.4700000000000001954,3.4700000000000001954,3.4700000000000001954,3.4700000000000001954,3.4700000000000001954,1,1,1,1,1,1,1,1,1
176,0.56999999999999995115,0.56999999999999995115,0.56999999999999995115,0.56999999999999995115,0.56999999999999995115,0.56999999999999995115,0.56999999999999995115,0.56999999999999995115,0.56999999999999995115,3.4700000000000001954,3.4700000000000001954,3.4700000000000001954,3.4700000000000001954,3.4700000000000001954,3.4700000000000001954,3.4700000000000001954,3.4700000000000001954,3.4700000000000001954,1,1,1,1,1,1,1,1,1
177,0.56999999999999995115,0.56999999999999995115,0.56999999999999995115,0.56999999999999995115,0.56999999999999995115,0.56999999999999995115,0.56999999999999995115,0.56999999999999995115,0.56999999999999995115,3.4700000000000001954,3.4700000000000001954,3.4700000000000001954,3.4700000000000001954,3.4700000000000001954,3.4700000000000001954,3.4700000000000001954,3.4700000000000001954,3.4700000000000001954,1,1,1,1,1,1,1,1,1
178,0.56999999999999995115,0.56999999999999995115,0.56999999999999995115,0.56999999999999995115,0.56999999999999995115,0.56999999999999995115,0.56999999999999995115,0.56999999999999995115,0.56999999999999995115,3.4700000000000001954,3.4700000000000001954,3.4700000000000001954,3.4700000000000001954,3.4700000000000001954,3.4700000000000001954,3.4700000000000001954,3.4700000000000001954,3.4700000000000001954,1,1,1,1,1,1,1,1,1
179,0.56999999999999995115,0.56999999999999995115,0.56999999999999995115,0.56999999999999995115,0.56999999999999995115,0.56999999999999995115,0.56999999999999995115,0.56999999999999995115,0.56999999999999995115,3.4700000000000001954,3.4700000000000001954,3.4700000000000001954,3.4700000000000001954,3.4700000000000001954,3.4700000000000001954,3.4700000000000001954,3.4700000000000001954,3.4700000000000001954,1,1,1,1,1,1,1,1,1
180,0.56999999999999995115,0.56999999999999995115,0.56999999999999995115,0.56999999999999995115,0.56999999999999995115,0.56999999999999995115,0.56999999999999995115,0.56999999999999995115,0.56999999999999995115,3.4700000000000001954,3.4700000000000001954,3.4700000000000001954,3.4700000000000001954,3.4700000000000001954,3.4700000000000001954,3.4700000000000001954,3.4700000000000001954,3.4700000000000001954,1,1,1,1,1,1,1,1,1
181,0.56999999999999995115,0.56999999999999995115,0.56999999999999995115,0.56999999999999995115,0.56999999999999995115,0.56999999999999995115,0.56999999999999995115,0.56999999999999995115,0.56999999999999995115,3.4700000000000001954,3.4700000000000001954,3.4700000000000001954,3.4700000000000001954,3.4700000000000001954,3.4700000000000001954,3.4700000000000001954,3.4700000000000001954,3.4700000000000001954,1,1,1,1,1,1,1,1,1
182,0.56999999999999995115,0.56999999999999995115,0.56999999999999995115,0.56999999999999995115,0.56999999999999995115,0.56999999999999995115,0.56999999999999995115,0.56999999999999995115,0.56999999999999995115,3.4700000000000001954,3.4700000000000001954,3.4700000000000001954,3.4700000000000001954,3.4700000000000001954,3.4700000000000001954,3.4700000000000001954,3.4700000000000001954,3.4700000000000001954,1,1,1,1,1,1,1,1,1
183,0.56999999999999995115,0.56999999999999995115,0.56999999999999995115,0.56999999999999995115,0.56999999999999995115,0.56999999999999995115,0.56999999999999995115,0.56999999999999995115,0.56999999999999995115,3.4700000000000001954,3.4700000000000001954,3.4700000000000001954,3.4700000000000001954,3.4700000000000001954,3.4700000000000001954,3.4700000000000001954,3.4700000000000001954,3.4700000000000001954,1,1,1,1,1,1,1,1,1
184,0.56999999999999995115,0.56999999999999995115,0.56999999999999995115,0.56999999999999995115,0.56999999999999995115,0.56999999999999995115,0.56999999999999995115,0.56999999999999995115,0.56999999999999995115,3.4700000000000001954,3.4700000000000001954,3.4700000000000001954,3.4700000000000001954,3.4700000000000001954,3.4700000000000001954,3.4700000000000001954,3.4700000000000001954,3.4700000000000001954,1,1,1,1,1,1,1,1,1
185,0.56999999999999995115,0.56999999999999995115,0.56999999999999995115,0.56999999999999995115,0.56999999999999995115,0.56999999999999995115,0.56999999999999995115,0.56999999999999995115,0.56999999999999995115,3.4700000000000001954,3.4700000000000001954,3.4700000000000001954,3.4700000000000001954,3.4700000000000001954,3.4700000000000001954,3.4700000000000001954,3.4700000000000001954,3.4700000000000001954,1,1,1,1,1,1,1,1,1
186,0.56999999999999995115,0.56999999999999995115,0.56999999999999995115,0.56999999999999995115,0.56999999999999995115,0.56999999999999995115,0.56999999999999995115,0.56999999999999995115,0.56999999999999995115,3.4700000000000001954,3.4700000000000001954,3.4700000000000001954,3.4700000000000001954,3.4700000000000001954,3.4700000000000001954,3.4700000000000001954,3.4700000000000001954,3.4700000000000001954,1,1,1,1,1,1,1,1,1
187,0.56999999999999995115,0.56999999999999995115,0.56999999999999995115,0.56999999999999995115,0.56999999999999995115,0.56999999999999995115,0.56999999999999995115,0.56999999999999995115,0.56999999999999995115,3.4700000000000001954,3.4700000000000001954,3.4700000000000001954,3.4700000000000001954,3.4700000000000001954,3.4700000000000001954,3.4700000000000001954,3.4700000000000001954,3.4700000000000001954,1,1,1,1,1,1,1,1,1
188,0.56999999999999995115,0.56999999999999995115,0.56999999999999995115,0.56999999999999995115,0.56999999999999995115,0.56999999999999995115,0.56999999999999995115,0.56999999999999995115,0.56999999999999995115,3.4700000000000001954,3.4700000000000001954,3.4700000000000001954,3.4700000000000001954,3.4700000000000001954,3.4700000000000001954,3.4700000000000001954,3.4700000000000001954,3.4700000000000001954,1,1,1,1,1,1,1,1,1
189,0.56999999999999995115,0.56999999999999995115,0.56999999999999995115,0.56999999999999995115,0.56999999999999995115,0.56999999999999995115,0.56999999999999995115,0.56999999999999995115,0.56999999999999995115,3.4700000000000001954,3.4700000000000001954,3.4700000000000001954,3.4700000000000001954,3.4700000000000001954,3.4700000000000001954,3.4700000000000001954,3.4700000000000001954,3.4700000000000001954,1,1,1,1,1,1,1,1,1
190,0.56999999999999995115,0.56999999999999995115,0.56999999999999995115,0.56999999999999995115,0.56999999999999995115,0.56999999999999995115,0.56999999999999995115,0.56999999999999995115,0.56999999999999995115,3.4700000000000001954,3.4700000000000001954,3.4700000000000001954,3.4700000000000001954,3.4700000000000001954,3.4700000000000001954,3.4700000000000001954,3.4700000000000001954,3.4700000000000001954,1,1,1,1,1,1,1,1,1
191,0.56999999999999995115,0.56999999999999995115,0.56999999999999995115,0.56999999999999995115,0.56999999999999995115,0.56999999999999995115,0.56999999999999995115,0.56999999999999995115,0.56999999999999995115,3.4700000000000001954,3.4700000000000001954,3.4700000000000001954,3.4700000000000001954,3.4700000000000001954,3.4700000000000001954,3.4700000000000001954,3.4700000000000001954,3.4700000000000001954,1,1,1,1,1,1,1,1,1
192,0.56999999999999995115,0.56999999999999995115,0.56999999999999995115,0.56999999999999995115,0.56999999999999995115,0.56999999999999995115,0.56999999999999995115,0.56999999999999995115,0.56999999999999995115,3.4700000000000001954,3.4700000000000001954,3.4700000000000001954,3.4700000000000001954,3.4700000000000001954,3.4700000000000001954,3.4700000000000001954,3.4700000000000001954,3.4700000000000001954,1,1,1,1,1,1,1,1,1
193,0.56999999999999995115,0.56999999999999995115,0.56999999999999995115,0.56999999999999995115,0.56999999999999995115,0.56999999999999995115,0.56999999999999995115,0.56999999999999995115,0.56999999999999995115,3.4700000000000001954,3.4700000000000001954,3.4700000000000001954,3.4700000000000001954,3.4700000000000001954,3.4700000000000001954,3.4700000000000001954,3.4700000000000001954,3.4700000000000001954,1,1,1,1,1,1,1,1,1
194,0.56999999999999995115,0.56999999999999995115,0.56999999999999995115,0.56999999999999995115,0.56999999999999995115,0.56999999999999995115,0.56999999999999995115,0.56999999999999995115,0.56999999999999995115,3.4700000000000001954,3.4700000000000001954,3.4700000000000001954,3.4700000000000001954,3.4700000000000001954,3.4700000000000001954,3.4700000000000001954,3.4700000000000001954,3.4700000000000001954,1,1,1,1,1,1,1,1,1
195,0.56999999999999995115,0.56999999999999995115,0.56999999999999995115,0.56999999999999995115,0.56999999999999995115,0.56999999999999995115,0.56999999999999995115,0.56999999999999995115,0.56999999999999995115,3.4700000000000001954,3.4700000000000001954,3.4700000000000001954,3.4700000000000001954,3.4700000000000001954,3.4700000000000001954,3.4700000000000001954,3.4700000000000001954,3.4700000000000001954,1,1,1,1,1,1,1,1,1
196,0.56999999999999995115,0.56999999999999995115,0.56999999999999995115,0.56999999999999995115,0.56999999999999995115,0.56999999999999995115,0.56999999999999995115,0.56999999999999995115,0.56999999999999995115,3.4700000000000001954,3.4700000000000001954,3.4700000000000001954,3.4700000000000001954,3.4700000000000001954,3.4700000000000001954,3.4700000000000001954,3.4700000000000001954,3.4700000000000001954,1,1,1,1,1,1,1,1,1
197,0.56999999999999995115,0.56999999999999995115,0.56999999999999995115,0.56999999999999995115,0.56999999999999995115,0.56999999999999995115,0.56999999999999995115,0.56999999999999995115,0.56999999999999995115,3.4700000000000001954,3.4700000000000001954,3.4700000000000001954,3.4700000000000001954,3.4700000000000001954,3.4700000000000001954,3.4700000000000001954,3.4700000000000001954,3.4700000000000001954,1,1,1,1,1,1,1,1,1
198,0.56999999999999995115,0.56999999999999995115,0.56999999999999995115,0.56999999999999995115,0.56999999999999995115,0.56999999999999995115,0.56999999999999995115,0.56999999999999995115,0.56999999999999995115,3.4700000000000001954,3.4700000000000001954,3.4700000000000001954,3.4700000000000001954,3.4700000000000001954,3.4700000000000001954,3.4700000000000001954,3.4700000000000001954,3.4700000000000001954,1,1,1,1,1,1,1,1,1
base,0.56999999999999995115,0.56999999999999995115,0.56999999999999995115,0.56999999999999995115,0.56999999999999995115,0.56999999999999995115,0.56999999999999995115,0.56999999999999995115,0.56999999999999995115,3.4700000000000001954,3.4700000000000001954,3.4700000000000001954,3.4700000000000001954,3.4700000000000001954,3.4700000000000001954,3.4700000000000001954,3.4700000000000001954,3.4700000000000001954,1,1,1,1,1,1,1,1,1
