iteration,total_runs,obs_realization,par_realization,gdmf,gdma,gnh3
0,200,0,0,3.4875e-06,5.67736e-06,6.86019e-05
0,200,1,1,0.000122694,2.09814e-05,6.72396e-05
0,200,2,2,1.97124e-06,4.34009e-06,4.9514e-05
0,200,3,3,0.000122694,2.2281e-05,6.74438e-05
0,200,4,4,2.09409e-06,4.73322e-05,6.80907e-05
0,200,5,5,0.000122694,2.27003e-05,6.63906e-05
0,200,6,6,5.68975e-06,1.07399e-05,4.12439e-05
0,200,7,7,0.000122694,2.10025e-05,6.65086e-05
0,200,8,8,1.29181e-05,1.3096e-05,6.86093e-05
0,200,9,9,1.62683e-06,4.82549e-05,6.86112e-05
0,200,10,10,5.75834e-06,8.28312e-06,6.85749e-05
0,200,11,11,1.83043e-05,8.34241e-06,5.40874e-05
0,200,12,12,3.95945e-06,6.19755e-06,5.08505e-05
0,200,13,13,7.90205e-06,6.62043e-06,6.64689e-05
0,200,14,14,0.000119631,2.12862e-05,6.40637e-05
0,200,15,15,3.02613e-05,1.20823e-05,4.53997e-05
0,200,16,16,1.25293e-05,9.06134e-06,3.49803e-05
0,200,17,17,0.000122693,2.20563e-05,6.86121e-05
0,200,18,18,7.60199e-05,1.48891e-05,6.86124e-05
0,200,19,19,0.000122693,2.19539e-05,6.86121e-05
0,200,20,20,2.47699e-05,8.28936e-06,5.34524e-05
0,200,21,21,1.52723e-05,1.98941e-05,6.8597e-05
0,200,22,22,0.000122694,2.24733e-05,6.56055e-05
0,200,23,23,1.35414e-05,1.0468e-05,6.86084e-05
0,200,24,24,3.70797e-05,1.09907e-05,6.21295e-05
0,200,25,25,7.01297e-06,6.988e-06,2.63151e-05
0,200,26,26,1.71095e-06,2.5731e-05,6.86078e-05
0,200,27,27,2.74402e-06,4.00685e-06,5.93766e-05
0,200,28,28,0.000122693,2.15273e-05,6.86122e-05
0,200,29,29,9.38924e-06,7.38743e-06,5.44853e-05
0,200,30,30,8.09575e-06,1.70523e-05,6.86095e-05
0,200,31,31,0.000122693,2.34544e-05,6.79851e-05
0,200,32,32,4.00313e-06,6.96908e-06,6.85954e-05
0,200,33,33,2.26281e-05,9.27213e-06,6.86088e-05
0,200,34,34,0.000122693,2.00352e-05,6.84877e-05
0,200,35,35,1.59908e-06,2.90107e-05,6.8609e-05
0,200,36,36,0.000122693,1.99772e-05,6.83242e-05
0,200,37,37,4.80137e-06,8.5507e-06,5.05956e-05
0,200,38,38,6.10306e-06,1.44518e-05,6.85998e-05
0,200,39,39,5.05621e-06,6.44156e-06,6.86035e-05
0,200,40,40,0.000122694,2.11534e-05,6.74521e-05
0,200,41,41,0.000122693,2.26539e-05,6.77373e-05
0,200,42,42,0.000122693,1.94208e-05,6.85792e-05
0,200,43,43,0.000122694,2.31408e-05,6.39768e-05
0,200,44,44,8.1001e-06,1.05993e-05,5.44374e-05
0,200,45,45,9.8375e-06,1.14454e-05,6.85688e-05
0,200,46,46,1.75004e-05,7.93431e-06,6.86024e-05
0,200,47,47,0.000122693,1.99613e-05,6.84016e-05
0,200,48,48,4.15046e-06,5.26687e-06,6.42388e-05
0,200,49,49,0.000122693,2.10518e-05,6.82036e-05
0,200,50,50,0.000122693,2.15268e-05,6.86122e-05
0,200,51,51,3.1599e-06,6.35872e-05,6.70169e-05
0,200,52,52,1.00787e-05,0.000104773,6.86032e-05
0,200,53,53,3.07479e-06,6.09585e-06,6.73852e-05
0,200,54,54,0.000122693,2.10567e-05,6.86122e-05
0,200,55,55,4.6061e-06,5.4405e-06,2.30284e-05
0,200,56,56,0.000122693,2.24696e-05,6.77532e-05
0,200,57,57,0.000122694,2.15692e-05,6.44978e-05
0,200,58,58,0.000122694,2.18228e-05,6.32715e-05
0,200,59,59,1.89085e-06,4.35354e-06,3.27509e-05
0,200,60,60,1.80799e-06,4.45648e-06,6.85869e-05
0,200,61,61,1.60382e-06,4.52978e-06,3.63103e-05
0,200,62,62,1.4758e-05,1.10148e-05,6.85857e-05
0,200,63,63,0.000122693,2.03803e-05,6.86123e-05
0,200,64,64,2.78723e-06,6.701e-06,5.16837e-05
0,200,65,65,1.59562e-06,6.25345e-06,5.25816e-05
0,200,66,66,9.0748e-06,7.25035e-06,6.85863e-05
0,200,67,67,0.000122694,2.18863e-05,6.72781e-05
0,200,68,68,3.30631e-05,1.33028e-05,6.75658e-05
0,200,69,69,0.000122693,2.20757e-05,6.86121e-05
0,200,70,70,3.15062e-06,4.83592e-06,5.38661e-05
0,200,71,71,6.43166e-06,2.71584e-05,5.57672e-05
0,200,72,72,0.000122693,2.08724e-05,6.78821e-05
0,200,73,73,0.000122693,2.32207e-05,6.79161e-05
0,200,74,74,2.49295e-05,1.05743e-05,5.78419e-05
0,200,75,75,1.66874e-05,3.45585e-05,6.86034e-05
0,200,76,76,4.60162e-06,5.76174e-06,6.5408e-05
0,200,77,77,1.19743e-05,8.78853e-06,4.82999e-05
0,200,78,78,0.000122693,2.02205e-05,6.86123e-05
0,200,79,79,1.20674e-05,9.34987e-06,6.8577e-05
0,200,80,80,1.87719e-06,4.46819e-06,6.85984e-05
0,200,81,81,0.000122693,1.8752e-05,6.86125e-05
0,200,82,82,1.33525e-05,9.76522e-06,3.39845e-05
0,200,83,83,0.000122693,1.99443e-05,6.85168e-05
0,200,84,84,0.000122694,2.09429e-05,6.69415e-05
0,200,85,85,0.000122693,2.2044e-05,6.86121e-05
0,200,86,86,9.68633e-06,1.32717e-05,6.86088e-05
0,200,87,87,8.76034e-06,7.15649e-06,5.50734e-05
0,200,88,88,8.18844e-06,6.57845e-06,6.85842e-05
0,200,89,89,1.90759e-06,2.64786e-05,5.14027e-05
0,200,90,90,4.21226e-06,5.81894e-06,3.27434e-05
0,200,91,91,2.05188e-06,4.41289e-06,5.06403e-05
0,200,92,92,1.29631e-05,4.00504e-05,6.86062e-05
0,200,93,93,0.000122693,2.02102e-05,6.86123e-05
0,200,94,94,5.90169e-06,1.88711e-05,5.8196e-05
0,200,95,95,1.84495e-06,3.80951e-06,3.70459e-05
0,200,96,96,3.51103e-06,8.09825e-06,5.7174e-05
0,200,97,97,0.000122693,2.1692e-05,6.86121e-05
0,200,98,98,0.000122693,1.99042e-05,6.7935e-05
0,200,99,99,2.03308e-06,7.58826e-06,5.45876e-05
0,200,100,100,7.65826e-06,1.72552e-05,6.86004e-05
0,200,101,101,9.213e-06,5.89033e-06,6.58534e-05
0,200,102,102,6.4836e-06,6.66247e-06,2.89027e-05
0,200,103,103,0.000122693,2.11503e-05,6.86122e-05
0,200,104,104,5.16331e-06,4.72585e-06,6.86e-05
0,200,105,105,1.21092e-05,1.00882e-05,6.85741e-05
0,200,106,106,3.4439e-06,1.74251e-05,6.77482e-05
0,200,107,107,0.000122693,2.33055e-05,6.81606e-05
0,200,108,108,0.000109241,2.00237e-05,6.50581e-05
0,200,109,109,1.40859e-05,1.73211e-05,4.42894e-05
0,200,110,110,3.02752e-06,3.59839e-05,6.73047e-05
0,200,111,111,2.15431e-05,8.48097e-06,6.05343e-05
0,200,112,112,9.07598e-05,1.73957e-05,6.86114e-05
0,200,113,113,1.65429e-06,1.02044e-05,4.98303e-05
0,200,114,114,0.000122693,1.98731e-05,6.86124e-05
0,200,115,115,0.000122694,2.25062e-05,6.70424e-05
0,200,116,116,0.000122693,1.90722e-05,6.8459e-05
0,200,117,117,7.07561e-06,6.96345e-06,5.98649e-05
0,200,118,118,0.000122694,2.06173e-05,6.65771e-05
0,200,119,119,6.04452e-05,1.55232e-05,5.66288e-05
0,200,120,120,7.15138e-06,7.94152e-06,6.85924e-05
0,200,121,121,3.28215e-06,1.3676e-05,6.86018e-05
0,200,122,122,3.83536e-06,1.09825e-05,5.46763e-05
0,200,123,123,8.14019e-06,9.21752e-06,6.85732e-05
0,200,124,124,3.92096e-06,5.44115e-05,5.97496e-05
0,200,125,125,2.08878e-05,9.31293e-06,5.17564e-05
0,200,126,126,1.22533e-05,9.68257e-06,6.81607e-05
0,200,127,127,4.2046e-05,1.06346e-05,6.81363e-05
0,200,128,128,1.60472e-06,4.0522e-06,5.26682e-05
0,200,129,129,1.8852e-06,4.59096e-06,6.85987e-05
0,200,130,130,0.000122693,1.8836e-05,6.8596e-05
0,200,131,131,0.000122693,2.03329e-05,6.86123e-05
0,200,132,132,0.000122693,2.15785e-05,6.86122e-05
0,200,133,133,3.31756e-06,4.10515e-05,6.86094e-05
0,200,134,134,3.51316e-06,4.85007e-06,6.86005e-05
0,200,135,135,2.35526e-06,9.64974e-06,3.86573e-05
0,200,136,136,4.61785e-06,4.85838e-06,6.85887e-05
0,200,137,137,1.84866e-06,4.32896e-06,6.85952e-05
0,200,138,138,0.000122693,1.8752e-05,6.86125e-05
0,200,139,139,0.000122693,1.87613e-05,6.86125e-05
0,200,140,140,0.000122693,1.93299e-05,6.81652e-05
0,200,141,141,0.000122694,2.16416e-05,6.76211e-05
0,200,142,142,1.05191e-05,1.63862e-05,5.76797e-05
0,200,143,143,1.65725e-06,9.97439e-06,6.86022e-05
0,200,144,144,0.000122694,2.09987e-05,6.73447e-05
0,200,145,145,3.46756e-06,6.56571e-05,6.85145e-05
0,200,146,146,1.56419e-05,1.22637e-05,6.8572e-05
0,200,147,147,0.000122693,2.23804e-05,6.85486e-05
0,200,148,148,1.68736e-06,4.9833e-06,6.57564e-05
0,200,149,149,5.22073e-06,2.71296e-05,6.86057e-05
0,200,150,150,0.000122693,1.8752e-05,6.86125e-05
0,200,151,151,1.49689e-05,5.35831e-05,6.86085e-05
0,200,152,152,0.000122694,2.25119e-05,6.597e-05
0,200,153,153,2.996e-06,4.85987e-06,4.83621e-05
0,200,154,154,0.000122693,1.95663e-05,6.86118e-05
0,200,155,155,1.0878e-05,0.000105897,6.86125e-05
0,200,156,156,9.74756e-06,7.55869e-06,3.94798e-05
0,200,157,157,9.68926e-06,1.09252e-05,5.0112e-05
0,200,158,158,4.45006e-06,2.7754e-05,6.86062e-05
0,200,159,159,9.0942e-06,7.07951e-06,6.85842e-05
0,200,160,160,1.61231e-06,6.12107e-06,5.29792e-05
0,200,161,161,0.000120545,1.91993e-05,6.77286e-05
0,200,162,162,8.47576e-06,7.06398e-06,2.24986e-05
0,200,163,163,2.41993e-06,3.92665e-06,3.2542e-05
0,200,164,164,0.000120878,2.22523e-05,6.60225e-05
0,200,165,165,0.000122693,2.08632e-05,6.85344e-05
0,200,166,166,1.99002e-05,1.92109e-05,6.85928e-05
0,200,167,167,2.86917e-06,5.7179e-06,6.85818e-05
0,200,168,168,4.9316e-06,8.24766e-06,5.82064e-05
0,200,169,169,0.000122694,2.00728e-05,6.76698e-05
0,200,170,170,0.000122693,2.22428e-05,6.79817e-05
0,200,171,171,3.76108e-06,1.7171e-05,6.86031e-05
0,200,172,172,7.58119e-05,1.72297e-05,6.861e-05
0,200,173,173,8.16083e-06,6.57412e-06,6.8585e-05
0,200,174,174,1.67129e-05,3.00878e-05,6.50727e-05
0,200,175,175,8.4655e-06,8.78706e-06,4.36852e-05
0,200,176,176,2.23958e-06,4.4103e-06,4.98495e-05
0,200,177,177,1.08202e-05,2.59053e-05,5.94395e-05
0,200,178,178,0.000122694,2.19652e-05,6.71338e-05
0,200,179,179,1.05796e-05,6.37917e-06,5.22421e-05
0,200,180,180,4.50534e-06,1.18298e-05,6.86068e-05
0,200,181,181,3.04292e-06,1.72002e-05,6.86079e-05
0,200,182,182,5.67854e-06,5.30223e-06,4.38098e-05
0,200,183,183,3.02788e-06,1.23417e-05,6.72021e-05
0,200,184,184,2.56696e-06,6.18974e-06,3.69273e-05
0,200,185,185,1.03369e-05,0.000105141,6.85895e-05
0,200,186,186,0.000122693,2.09679e-05,6.86122e-05
0,200,187,187,0.000122694,2.09977e-05,6.63292e-05
0,200,188,188,5.16144e-06,9.62051e-05,6.86125e-05
0,200,189,189,1.42932e-05,1.66232e-05,5.86566e-05
0,200,190,190,0.000122694,1.99477e-05,6.71078e-05
0,200,191,191,1.81724e-06,1.14306e-05,6.66978e-05
0,200,192,192,1.27687e-05,1.04824e-05,6.85737e-05
0,200,193,193,8.70709e-05,1.52677e-05,6.86119e-05
0,200,194,194,8.30754e-06,7.11763e-06,6.56821e-05
0,200,195,195,0.000122693,2.2954e-05,6.8612e-05
0,200,196,196,9.76893e-06,5.76801e-06,6.86014e-05
0,200,197,197,1.6226e-05,7.05615e-05,6.83955e-05
0,200,198,198,1.81906e-06,1.73247e-05,6.37119e-05
0,200,base,base,3.8679e-06,5.31802e-06,6.25761e-05
1,440,0,0,3.48744e-06,5.67736e-06,6.86019e-05
1,440,1,1,0.000122655,2.09756e-05,6.7238e-05
1,440,2,2,1.97124e-06,4.34009e-06,4.95138e-05
1,440,3,3,0.000122655,2.2276e-05,6.74424e-05
1,440,4,4,2.09409e-06,4.73322e-05,6.80906e-05
1,440,5,5,0.000122655,2.26956e-05,6.6388e-05
1,440,6,6,5.68973e-06,1.07402e-05,4.12439e-05
1,440,7,7,0.000122655,2.09966e-05,6.65063e-05
1,440,8,8,1.2917e-05,1.30966e-05,6.86093e-05
1,440,9,9,1.62659e-06,4.82521e-05,6.86112e-05
1,440,10,10,5.75833e-06,8.28312e-06,6.85749e-05
1,440,11,11,1.83017e-05,8.34209e-06,5.40868e-05
1,440,12,12,3.95919e-06,6.19755e-06,5.08506e-05
1,440,13,13,7.90204e-06,6.62043e-06,6.64689e-05
1,440,14,14,0.000119592,2.12809e-05,6.40592e-05
1,440,15,15,3.02564e-05,1.20815e-05,4.53982e-05
1,440,16,16,1.25293e-05,9.06134e-06,3.49803e-05
1,440,17,17,0.000122654,2.20511e-05,6.86121e-05
1,440,18,18,7.60006e-05,1.4889e-05,6.86124e-05
1,440,19,19,0.000122654,2.19487e-05,6.86121e-05
1,440,20,20,2.47653e-05,8.28862e-06,5.34511e-05
1,440,21,21,1.52723e-05,1.98941e-05,6.8597e-05
1,440,22,22,0.000122655,2.24684e-05,6.56022e-05
1,440,23,23,1.35401e-05,1.04681e-05,6.86084e-05
1,440,24,24,3.70736e-05,1.09905e-05,6.21289e-05
1,440,25,25,7.01296e-06,6.988e-06,2.63151e-05
1,440,26,26,1.71097e-06,2.573e-05,6.86078e-05
1,440,27,27,2.74402e-06,4.00685e-06,5.93766e-05
1,440,28,28,0.000122654,2.15218e-05,6.86122e-05
1,440,29,29,9.38924e-06,7.38743e-06,5.44853e-05
1,440,30,30,8.09491e-06,1.70524e-05,6.86095e-05
1,440,31,31,0.000122654,2.34502e-05,6.79843e-05
1,440,32,32,4.00286e-06,6.96857e-06,6.85954e-05
1,440,33,33,2.26252e-05,9.27199e-06,6.86088e-05
1,440,34,34,0.000122654,2.00291e-05,6.84875e-05
1,440,35,35,1.5991e-06,2.90107e-05,6.8609e-05
1,440,36,36,0.000122654,1.9971e-05,6.83239e-05
1,440,37,37,4.80135e-06,8.5507e-06,5.05956e-05
1,440,38,38,6.10305e-06,1.44518e-05,6.85998e-05
1,440,39,39,5.05585e-06,6.44174e-06,6.86035e-05
1,440,40,40,0.000122655,2.11477e-05,6.74508e-05
1,440,41,41,0.000122655,2.26492e-05,6.77363e-05
1,440,42,42,0.000122654,1.94147e-05,6.85792e-05
1,440,43,43,0.000122655,2.31364e-05,6.39719e-05
1,440,44,44,8.10002e-06,1.05997e-05,5.44373e-05
1,440,45,45,9.8375e-06,1.14454e-05,6.85688e-05
1,440,46,46,1.74984e-05,7.93432e-06,6.86024e-05
1,440,47,47,0.000122654,1.99552e-05,6.84014e-05
1,440,48,48,4.15046e-06,5.26687e-06,6.42388e-05
1,440,49,49,0.000122654,2.1046e-05,6.82031e-05
1,440,50,50,0.000122654,2.15213e-05,6.86122e-05
1,440,51,51,3.15989e-06,6.3584e-05,6.70167e-05
1,440,52,52,1.00786e-05,0.000104769,6.86032e-05
1,440,53,53,3.07475e-06,6.09585e-06,6.73792e-05
1,440,54,54,0.000122654,2.10508e-05,6.86122e-05
1,440,55,55,4.60609e-06,5.4405e-06,2.30285e-05
1,440,56,56,0.000122654,2.24647e-05,6.77521e-05
1,440,57,57,0.000122655,2.15638e-05,6.44933e-05
1,440,58,58,0.000122655,2.18174e-05,6.32658e-05
1,440,59,59,1.89085e-06,4.35354e-06,3.27509e-05
1,440,60,60,1.80799e-06,4.45648e-06,6.85869e-05
1,440,61,61,1.60382e-06,4.52955e-06,3.63103e-05
1,440,62,62,1.4758e-05,1.10148e-05,6.85857e-05
1,440,63,63,0.000122654,2.03742e-05,6.86123e-05
1,440,64,64,2.78717e-06,6.701e-06,5.16834e-05
1,440,65,65,1.59562e-06,6.25345e-06,5.25816e-05
1,440,66,66,9.07476e-06,7.25035e-06,6.85863e-05
1,440,67,67,0.000122655,2.1881e-05,6.72764e-05
1,440,68,68,3.30579e-05,1.33029e-05,6.75657e-05
1,440,69,69,0.000122654,2.20705e-05,6.86121e-05
1,440,70,70,3.1504e-06,4.83592e-06,5.38659e-05
1,440,71,71,6.43164e-06,2.71576e-05,5.5767e-05
1,440,72,72,0.000122654,2.08666e-05,6.78812e-05
1,440,73,73,0.000122654,2.32164e-05,6.79152e-05
1,440,74,74,2.49254e-05,1.0574e-05,5.7841e-05
1,440,75,75,1.66873e-05,3.45576e-05,6.86034e-05
1,440,76,76,4.60152e-06,5.76184e-06,6.54079e-05
1,440,77,77,1.19743e-05,8.78853e-06,4.82999e-05
1,440,78,78,0.000122654,2.02145e-05,6.86123e-05
1,440,79,79,1.20674e-05,9.34987e-06,6.8577e-05
1,440,80,80,1.87706e-06,4.46819e-06,6.85984e-05
1,440,81,81,0.000122654,1.87468e-05,6.86125e-05
1,440,82,82,1.33525e-05,9.76522e-06,3.39839e-05
1,440,83,83,0.000122654,1.99382e-05,6.85167e-05
1,440,84,84,0.000122655,2.09372e-05,6.69396e-05
1,440,85,85,0.000122654,2.20389e-05,6.86121e-05
1,440,86,86,9.68528e-06,1.32723e-05,6.86088e-05
1,440,87,87,8.75996e-06,7.15639e-06,5.50732e-05
1,440,88,88,8.18804e-06,6.57845e-06,6.85842e-05
1,440,89,89,1.90759e-06,2.64775e-05,5.14024e-05
1,440,90,90,4.21226e-06,5.81894e-06,3.27434e-05
1,440,91,91,2.05188e-06,4.41289e-06,5.06403e-05
1,440,92,92,1.2963e-05,4.00504e-05,6.86062e-05
1,440,93,93,0.000122654,2.02042e-05,6.86123e-05
1,440,94,94,5.90133e-06,1.88711e-05,5.8196e-05
1,440,95,95,1.84495e-06,3.80951e-06,3.70459e-05
1,440,96,96,3.51103e-06,8.09825e-06,5.71742e-05
1,440,97,97,0.000122654,2.16866e-05,6.86121e-05
1,440,98,98,0.000122654,1.9898e-05,6.79342e-05
1,440,99,99,2.03308e-06,7.58826e-06,5.45876e-05
1,440,100,100,7.65788e-06,1.72547e-05,6.86004e-05
1,440,101,101,9.21232e-06,5.89006e-06,6.58534e-05
1,440,102,102,6.4836e-06,6.66247e-06,2.89027e-05
1,440,103,103,0.000122654,2.11445e-05,6.86122e-05
1,440,104,104,5.16294e-06,4.72585e-06,6.86e-05
1,440,105,105,1.21092e-05,1.00878e-05,6.85741e-05
1,440,106,106,3.44389e-06,1.74248e-05,6.77482e-05
1,440,107,107,0.000122654,2.33012e-05,6.816e-05
1,440,108,108,0.000109209,2.00194e-05,6.50557e-05
1,440,109,109,1.40859e-05,1.73211e-05,4.42894e-05
1,440,110,110,3.02752e-06,3.59839e-05,6.73047e-05
1,440,111,111,2.15399e-05,8.4809e-06,6.05339e-05
1,440,112,112,9.07347e-05,1.73922e-05,6.86114e-05
1,440,113,113,1.6543e-06,1.02042e-05,4.98303e-05
1,440,114,114,0.000122654,1.98669e-05,6.86124e-05
1,440,115,115,0.000122655,2.25013e-05,6.70406e-05
1,440,116,116,0.000122654,1.90663e-05,6.84588e-05
1,440,117,117,7.07561e-06,6.96315e-06,5.98649e-05
1,440,118,118,0.000122655,2.06114e-05,6.65749e-05
1,440,119,119,6.04309e-05,1.55215e-05,5.66267e-05
1,440,120,120,7.15137e-06,7.94152e-06,6.85924e-05
1,440,121,121,3.28191e-06,1.3676e-05,6.86018e-05
1,440,122,122,3.83536e-06,1.09825e-05,5.46763e-05
1,440,123,123,8.14019e-06,9.21752e-06,6.85732e-05
1,440,124,124,3.92094e-06,5.44122e-05,5.97496e-05
1,440,125,125,2.08848e-05,9.31239e-06,5.17553e-05
1,440,126,126,1.22524e-05,9.68249e-06,6.81607e-05
1,440,127,127,4.20387e-05,1.0634e-05,6.81362e-05
1,440,128,128,1.60471e-06,4.0522e-06,5.26682e-05
1,440,129,129,1.8852e-06,4.59096e-06,6.85987e-05
1,440,130,130,0.000122654,1.88303e-05,6.8596e-05
1,440,131,131,0.000122654,2.03269e-05,6.86123e-05
1,440,132,132,0.000122654,2.15731e-05,6.86122e-05
1,440,133,133,3.31732e-06,4.10503e-05,6.86094e-05
1,440,134,134,3.51309e-06,4.85015e-06,6.86005e-05
1,440,135,135,2.35526e-06,9.6493e-06,3.86572e-05
1,440,136,136,4.61784e-06,4.85837e-06,6.85887e-05
1,440,137,137,1.84866e-06,4.32896e-06,6.85952e-05
1,440,138,138,0.000122654,1.87468e-05,6.86125e-05
1,440,139,139,0.000122654,1.8756e-05,6.86125e-05
1,440,140,140,0.000122654,1.93237e-05,6.81646e-05
1,440,141,141,0.000122655,2.16362e-05,6.76199e-05
1,440,142,142,1.05187e-05,1.63867e-05,5.76795e-05
1,440,143,143,1.65713e-06,9.97386e-06,6.86022e-05
1,440,144,144,0.000122655,2.09929e-05,6.73432e-05
1,440,145,145,3.46779e-06,6.56538e-05,6.85142e-05
1,440,146,146,1.56418e-05,1.22637e-05,6.8572e-05
1,440,147,147,0.000122654,2.23755e-05,6.85485e-05
1,440,148,148,1.68735e-06,4.9833e-06,6.57564e-05
1,440,149,149,5.22072e-06,2.71283e-05,6.86057e-05
1,440,150,150,0.000122654,1.87468e-05,6.86125e-05
1,440,151,151,1.49689e-05,5.35826e-05,6.86085e-05
1,440,152,152,0.000122655,2.25069e-05,6.59671e-05
1,440,153,153,2.996e-06,4.85966e-06,4.83621e-05
1,440,154,154,0.000122654,1.95601e-05,6.86118e-05
1,440,155,155,1.08774e-05,0.000105891,6.86125e-05
1,440,156,156,9.7475e-06,7.55869e-06,3.94798e-05
1,440,157,157,9.68925e-06,1.09252e-05,5.01121e-05
1,440,158,158,4.44977e-06,2.7754e-05,6.86062e-05
1,440,159,159,9.09373e-06,7.07951e-06,6.85842e-05
1,440,160,160,1.6123e-06,6.12107e-06,5.29792e-05
1,440,161,161,0.000120506,1.91933e-05,6.77277e-05
1,440,162,162,8.47571e-06,7.06368e-06,2.24986e-05
1,440,163,163,2.4199e-06,3.92665e-06,3.25419e-05
1,440,164,164,0.000120839,2.22476e-05,6.60198e-05
1,440,165,165,0.000122654,2.08574e-05,6.85343e-05
1,440,166,166,1.99002e-05,1.92108e-05,6.85928e-05
1,440,167,167,2.86917e-06,5.7179e-06,6.85818e-05
1,440,168,168,4.93127e-06,8.24729e-06,5.82061e-05
1,440,169,169,0.000122655,2.00666e-05,6.76687e-05
1,440,170,170,0.000122654,2.22377e-05,6.7981e-05
1,440,171,171,3.76108e-06,1.71698e-05,6.86031e-05
1,440,172,172,7.57931e-05,1.72273e-05,6.861e-05
1,440,173,173,8.16083e-06,6.57412e-06,6.8585e-05
1,440,174,174,1.67109e-05,3.00875e-05,6.50722e-05
1,440,175,175,8.46504e-06,8.78705e-06,4.36852e-05
1,440,176,176,2.23958e-06,4.4103e-06,4.98495e-05
1,440,177,177,1.082e-05,2.59037e-05,5.94388e-05
1,440,178,178,0.000122655,2.196e-05,6.71321e-05
1,440,179,179,1.05785e-05,6.37887e-06,5.22418e-05
1,440,180,180,4.50529e-06,1.18298e-05,6.86068e-05
1,440,181,181,3.04286e-06,1.71998e-05,6.86079e-05
1,440,182,182,5.67854e-06,5.30223e-06,4.38098e-05
1,440,183,183,3.02794e-06,1.23413e-05,6.72021e-05
1,440,184,184,2.56696e-06,6.18974e-06,3.69273e-05
1,440,185,185,1.03368e-05,0.000105137,6.85895e-05
1,440,186,186,0.000122654,2.0962e-05,6.86122e-05
1,440,187,187,0.000122655,2.09919e-05,6.63267e-05
1,440,188,188,5.16142e-06,9.62006e-05,6.86125e-05
1,440,189,189,1.42932e-05,1.66224e-05,5.86557e-05
1,440,190,190,0.000122655,1.99415e-05,6.7106e-05
1,440,191,191,1.81726e-06,1.14304e-05,6.66978e-05
1,440,192,192,1.27686e-05,1.04824e-05,6.85737e-05
1,440,193,193,8.70456e-05,1.52647e-05,6.86119e-05
1,440,194,194,8.3075e-06,7.11763e-06,6.56821e-05
1,440,195,195,0.000122654,2.29495e-05,6.8612e-05
1,440,196,196,9.76796e-06,5.76763e-06,6.86014e-05
1,440,197,197,1.6226e-05,7.05587e-05,6.83955e-05
1,440,198,198,1.81906e-06,1.73247e-05,6.37119e-05
1,440,base,base,3.86748e-06,5.31802e-06,6.25761e-05
2,680,0,0,3.48736e-06,5.67741e-06,6.86019e-05
2,680,1,1,0.000122616,2.09698e-05,6.72364e-05
2,680,2,2,1.97121e-06,4.34009e-06,4.95138e-05
2,680,3,3,0.000122616,2.2271e-05,6.7441e-05
2,680,4,4,2.09411e-06,4.73295e-05,6.80906e-05
2,680,5,5,0.000122616,2.26909e-05,6.63856e-05
2,680,6,6,5.68941e-06,1.07399e-05,4.12438e-05
2,680,7,7,0.000122616,2.09909e-05,6.65039e-05
2,680,8,8,1.29159e-05,1.30962e-05,6.86093e-05
2,680,9,9,1.6266e-06,4.82505e-05,6.86112e-05
2,680,10,10,5.75833e-06,8.28312e-06,6.85749e-05
2,680,11,11,1.83001e-05,8.34229e-06,5.40863e-05
2,680,12,12,3.95919e-06,6.19767e-06,5.085e-05
2,680,13,13,7.90202e-06,6.62043e-06,6.64689e-05
2,680,14,14,0.000119552,2.12757e-05,6.40548e-05
2,680,15,15,3.02515e-05,1.20809e-05,4.53966e-05
2,680,16,16,1.25292e-05,9.06159e-06,3.49799e-05
2,680,17,17,0.000122616,2.20459e-05,6.86121e-05
2,680,18,18,7.5985e-05,1.48889e-05,6.86124e-05
2,680,19,19,0.000122616,2.19434e-05,6.86121e-05
2,680,20,20,2.47627e-05,8.28835e-06,5.34505e-05
2,680,21,21,1.52722e-05,1.98936e-05,6.8597e-05
2,680,22,22,0.000122616,2.24635e-05,6.55989e-05
2,680,23,23,1.35389e-05,1.04679e-05,6.86084e-05
2,680,24,24,3.70681e-05,1.09901e-05,6.21284e-05
2,680,25,25,7.0126e-06,6.988e-06,2.63151e-05
2,680,26,26,1.71097e-06,2.57293e-05,6.86078e-05
2,680,27,27,2.74402e-06,4.00685e-06,5.93766e-05
2,680,28,28,0.000122616,2.15163e-05,6.86122e-05
2,680,29,29,9.38919e-06,7.38746e-06,5.44853e-05
2,680,30,30,8.09445e-06,1.70526e-05,6.86095e-05
2,680,31,31,0.000122616,2.34461e-05,6.79835e-05
2,680,32,32,4.00286e-06,6.96857e-06,6.85954e-05
2,680,33,33,2.26228e-05,9.27162e-06,6.86088e-05
2,680,34,34,0.000122616,2.00229e-05,6.84873e-05
2,680,35,35,1.59912e-06,2.9009e-05,6.8609e-05
2,680,36,36,0.000122616,1.99649e-05,6.83235e-05
2,680,37,37,4.80135e-06,8.5507e-06,5.05957e-05
2,680,38,38,6.10303e-06,1.44518e-05,6.85998e-05
2,680,39,39,5.05532e-06,6.44158e-06,6.86035e-05
2,680,40,40,0.000122616,2.1142e-05,6.74494e-05
2,680,41,41,0.000122616,2.26445e-05,6.77352e-05
2,680,42,42,0.000122616,1.94085e-05,6.85791e-05
2,680,43,43,0.000122616,2.3132e-05,6.3967e-05
2,680,44,44,8.09947e-06,1.05997e-05,5.44371e-05
2,680,45,45,9.83749e-06,1.14454e-05,6.85688e-05
2,680,46,46,1.74963e-05,7.93345e-06,6.86024e-05
2,680,47,47,0.000122616,1.99489e-05,6.84011e-05
2,680,48,48,4.15045e-06,5.26687e-06,6.42388e-05
2,680,49,49,0.000122616,2.10402e-05,6.82025e-05
2,680,50,50,0.000122616,2.15158e-05,6.86122e-05
2,680,51,51,3.15988e-06,6.35819e-05,6.70166e-05
2,680,52,52,1.0078e-05,0.000104766,6.86032e-05
2,680,53,53,3.07453e-06,6.09585e-06,6.73792e-05
2,680,54,54,0.000122616,2.10451e-05,6.86122e-05
2,680,55,55,4.60609e-06,5.4405e-06,2.30285e-05
2,680,56,56,0.000122616,2.24598e-05,6.77511e-05
2,680,57,57,0.000122616,2.15583e-05,6.4489e-05
2,680,58,58,0.000122616,2.18121e-05,6.32602e-05
2,680,59,59,1.89085e-06,4.35354e-06,3.27509e-05
2,680,60,60,1.80798e-06,4.45647e-06,6.85869e-05
2,680,61,61,1.60382e-06,4.52955e-06,3.63103e-05
2,680,62,62,1.47579e-05,1.10148e-05,6.85857e-05
2,680,63,63,0.000122616,2.03681e-05,6.86123e-05
2,680,64,64,2.78696e-06,6.701e-06,5.16833e-05
2,680,65,65,1.59562e-06,6.25345e-06,5.25816e-05
2,680,66,66,9.07473e-06,7.25032e-06,6.85863e-05
2,680,67,67,0.000122616,2.18757e-05,6.72749e-05
2,680,68,68,3.30522e-05,1.33033e-05,6.75656e-05
2,680,69,69,0.000122616,2.20653e-05,6.86121e-05
2,680,70,70,3.15036e-06,4.83592e-06,5.38659e-05
2,680,71,71,6.43127e-06,2.71572e-05,5.5767e-05
2,680,72,72,0.000122616,2.08608e-05,6.78804e-05
2,680,73,73,0.000122616,2.32121e-05,6.79144e-05
2,680,74,74,2.49224e-05,1.05742e-05,5.78405e-05
2,680,75,75,1.66873e-05,3.45577e-05,6.86034e-05
2,680,76,76,4.60124e-06,5.76184e-06,6.54078e-05
2,680,77,77,1.19742e-05,8.78853e-06,4.82999e-05
2,680,78,78,0.000122616,2.02084e-05,6.86123e-05
2,680,79,79,1.20674e-05,9.34987e-06,6.8577e-05
2,680,80,80,1.87703e-06,4.46819e-06,6.85984e-05
2,680,81,81,0.000122616,1.87414e-05,6.86125e-05
2,680,82,82,1.33525e-05,9.76533e-06,3.39838e-05
2,680,83,83,0.000122616,1.9932e-05,6.85166e-05
2,680,84,84,0.000122616,2.09313e-05,6.69377e-05
2,680,85,85,0.000122616,2.20337e-05,6.86121e-05
2,680,86,86,9.68487e-06,1.32719e-05,6.86088e-05
2,680,87,87,8.75958e-06,7.1564e-06,5.5073e-05
2,680,88,88,8.18801e-06,6.57844e-06,6.85842e-05
2,680,89,89,1.9076e-06,2.64775e-05,5.14024e-05
2,680,90,90,4.21226e-06,5.81894e-06,3.27434e-05
2,680,91,91,2.05188e-06,4.41289e-06,5.06403e-05
2,680,92,92,1.2963e-05,4.00477e-05,6.86062e-05
2,680,93,93,0.000122616,2.0198e-05,6.86123e-05
2,680,94,94,5.90132e-06,1.88702e-05,5.81959e-05
2,680,95,95,1.84495e-06,3.80951e-06,3.70459e-05
2,680,96,96,3.51102e-06,8.09808e-06,5.7174e-05
2,680,97,97,0.000122616,2.16812e-05,6.86121e-05
2,680,98,98,0.000122616,1.98918e-05,6.79334e-05
2,680,99,99,2.03309e-06,7.58826e-06,5.45876e-05
2,680,100,100,7.65787e-06,1.72542e-05,6.86004e-05
2,680,101,101,9.21112e-06,5.89011e-06,6.58533e-05
2,680,102,102,6.48358e-06,6.66247e-06,2.89027e-05
2,680,103,103,0.000122616,2.11388e-05,6.86122e-05
2,680,104,104,5.16263e-06,4.72559e-06,6.86e-05
2,680,105,105,1.21092e-05,1.00878e-05,6.85741e-05
2,680,106,106,3.44361e-06,1.74244e-05,6.77482e-05
2,680,107,107,0.000122616,2.3297e-05,6.81595e-05
2,680,108,108,0.000109175,2.00148e-05,6.5053e-05
2,680,109,109,1.40858e-05,1.73211e-05,4.42892e-05
2,680,110,110,3.02752e-06,3.59828e-05,6.73047e-05
2,680,111,111,2.15368e-05,8.48005e-06,6.05331e-05
2,680,112,112,9.07111e-05,1.73891e-05,6.86114e-05
2,680,113,113,1.6543e-06,1.02042e-05,4.98302e-05
2,680,114,114,0.000122616,1.98607e-05,6.86124e-05
2,680,115,115,0.000122616,2.24965e-05,6.70388e-05
2,680,116,116,0.000122616,1.90604e-05,6.84586e-05
2,680,117,117,7.0756e-06,6.96315e-06,5.98649e-05
2,680,118,118,0.000122616,2.06054e-05,6.65725e-05
2,680,119,119,6.04183e-05,1.55197e-05,5.66245e-05
2,680,120,120,7.15136e-06,7.94152e-06,6.85924e-05
2,680,121,121,3.28191e-06,1.3676e-05,6.86018e-05
2,680,122,122,3.83535e-06,1.09825e-05,5.46764e-05
2,680,123,123,8.14019e-06,9.21752e-06,6.85732e-05
2,680,124,124,3.92039e-06,5.441e-05,5.97491e-05
2,680,125,125,2.08824e-05,9.31188e-06,5.17545e-05
2,680,126,126,1.22515e-05,9.68226e-06,6.81607e-05
2,680,127,127,4.20318e-05,1.06334e-05,6.81362e-05
2,680,128,128,1.60471e-06,4.0522e-06,5.26682e-05
2,680,129,129,1.88518e-06,4.59096e-06,6.85987e-05
2,680,130,130,0.000122616,1.88247e-05,6.85959e-05
2,680,131,131,0.000122616,2.03208e-05,6.86123e-05
2,680,132,132,0.000122616,2.15676e-05,6.86122e-05
2,680,133,133,3.31731e-06,4.105e-05,6.86094e-05
2,680,134,134,3.51282e-06,4.85015e-06,6.86005e-05
2,680,135,135,2.35526e-06,9.6493e-06,3.86572e-05
2,680,136,136,4.61784e-06,4.85837e-06,6.85887e-05
2,680,137,137,1.84866e-06,4.32896e-06,6.85952e-05
2,680,138,138,0.000122616,1.87414e-05,6.86125e-05
2,680,139,139,0.000122616,1.87506e-05,6.86125e-05
2,680,140,140,0.000122616,1.93177e-05,6.81641e-05
2,680,141,141,0.000122616,2.16308e-05,6.76188e-05
2,680,142,142,1.05182e-05,1.63872e-05,5.76794e-05
2,680,143,143,1.65713e-06,9.97386e-06,6.86022e-05
2,680,144,144,0.000122616,2.0987e-05,6.73417e-05
2,680,145,145,3.46779e-06,6.56519e-05,6.85139e-05
2,680,146,146,1.56418e-05,1.22637e-05,6.8572e-05
2,680,147,147,0.000122616,2.23705e-05,6.85484e-05
2,680,148,148,1.68734e-06,4.9833e-06,6.57563e-05
2,680,149,149,5.22071e-06,2.71283e-05,6.86057e-05
2,680,150,150,0.000122616,1.87414e-05,6.86125e-05
2,680,151,151,1.49688e-05,5.35804e-05,6.86085e-05
2,680,152,152,0.000122616,2.25021e-05,6.59642e-05
2,680,153,153,2.996e-06,4.85974e-06,4.83622e-05
2,680,154,154,0.000122616,1.95539e-05,6.86118e-05
2,680,155,155,1.08774e-05,0.000105888,6.86125e-05
2,680,156,156,9.7475e-06,7.55869e-06,3.94798e-05
2,680,157,157,9.6892e-06,1.09252e-05,5.0112e-05
2,680,158,158,4.44976e-06,2.7753e-05,6.86062e-05
2,680,159,159,9.09368e-06,7.07951e-06,6.85842e-05
2,680,160,160,1.61235e-06,6.12107e-06,5.29791e-05
2,680,161,161,0.000120467,1.91874e-05,6.77266e-05
2,680,162,162,8.47571e-06,7.06369e-06,2.24986e-05
2,680,163,163,2.41972e-06,3.92665e-06,3.25416e-05
2,680,164,164,0.0001208,2.22427e-05,6.6017e-05
2,680,165,165,0.000122616,2.08515e-05,6.85342e-05
2,680,166,166,1.99002e-05,1.92108e-05,6.85928e-05
2,680,167,167,2.86917e-06,5.7179e-06,6.85818e-05
2,680,168,168,4.93101e-06,8.24729e-06,5.8206e-05
2,680,169,169,0.000122616,2.00606e-05,6.76676e-05
2,680,170,170,0.000122616,2.22327e-05,6.79802e-05
2,680,171,171,3.76107e-06,1.71698e-05,6.86031e-05
2,680,172,172,7.5775e-05,1.72249e-05,6.861e-05
2,680,173,173,8.16083e-06,6.57412e-06,6.8585e-05
2,680,174,174,1.67103e-05,3.00887e-05,6.50722e-05
2,680,175,175,8.46504e-06,8.78705e-06,4.36852e-05
2,680,176,176,2.23958e-06,4.4103e-06,4.98495e-05
2,680,177,177,1.082e-05,2.59037e-05,5.94388e-05
2,680,178,178,0.000122616,2.19547e-05,6.71304e-05
2,680,179,179,1.05776e-05,6.37843e-06,5.22415e-05
2,680,180,180,4.50525e-06,1.18298e-05,6.86068e-05
2,680,181,181,3.04286e-06,1.71998e-05,6.86079e-05
2,680,182,182,5.67852e-06,5.30223e-06,4.38098e-05
2,680,183,183,3.02756e-06,1.23413e-05,6.72021e-05
2,680,184,184,2.56696e-06,6.18974e-06,3.69273e-05
2,680,185,185,1.03367e-05,0.000105134,6.85894e-05
2,680,186,186,0.000122616,2.09563e-05,6.86122e-05
2,680,187,187,0.000122616,2.09861e-05,6.63242e-05
2,680,188,188,5.16107e-06,9.61976e-05,6.86125e-05
2,680,189,189,1.42932e-05,1.66224e-05,5.86557e-05
2,680,190,190,0.000122616,1.99353e-05,6.71042e-05
2,680,191,191,1.81726e-06,1.14304e-05,6.66978e-05
2,680,192,192,1.27686e-05,1.04824e-05,6.85737e-05
2,680,193,193,8.70248e-05,1.5262e-05,6.86119e-05
2,680,194,194,8.3075e-06,7.11763e-06,6.56821e-05
2,680,195,195,0.000122616,2.2945e-05,6.8612e-05
2,680,196,196,9.7674e-06,5.76734e-06,6.86014e-05
2,680,197,197,1.62253e-05,7.05557e-05,6.83955e-05
2,680,198,198,1.81909e-06,1.73233e-05,6.37118e-05
2,680,base,base,3.86719e-06,5.31812e-06,6.2576e-05
3,920,0,0,3.48708e-06,5.67693e-06,6.86019e-05
3,920,1,1,0.000122576,2.0964e-05,6.72348e-05
3,920,2,2,1.97119e-06,4.34017e-06,4.95137e-05
3,920,3,3,0.000122576,2.2266e-05,6.74397e-05
3,920,4,4,2.09411e-06,4.73295e-05,6.80906e-05
3,920,5,5,0.000122576,2.26861e-05,6.63831e-05
3,920,6,6,5.68941e-06,1.07399e-05,4.12439e-05
3,920,7,7,0.000122576,2.09851e-05,6.65015e-05
3,920,8,8,1.29145e-05,1.30962e-05,6.86093e-05
3,920,9,9,1.62663e-06,4.82489e-05,6.86112e-05
3,920,10,10,5.75833e-06,8.28312e-06,6.85749e-05
3,920,11,11,1.82976e-05,8.3419e-06,5.40857e-05
3,920,12,12,3.95918e-06,6.1973e-06,5.08498e-05
3,920,13,13,7.90202e-06,6.62044e-06,6.64689e-05
3,920,14,14,0.000119514,2.12705e-05,6.40503e-05
3,920,15,15,3.0246e-05,1.208e-05,4.53949e-05
3,920,16,16,1.25292e-05,9.06159e-06,3.49799e-05
3,920,17,17,0.000122575,2.20408e-05,6.86121e-05
3,920,18,18,7.59663e-05,1.48885e-05,6.86124e-05
3,920,19,19,0.000122575,2.19381e-05,6.86121e-05
3,920,20,20,2.47586e-05,8.28743e-06,5.34495e-05
3,920,21,21,1.52722e-05,1.98936e-05,6.8597e-05
3,920,22,22,0.000122576,2.24587e-05,6.55956e-05
3,920,23,23,1.35379e-05,1.04678e-05,6.86084e-05
3,920,24,24,3.70608e-05,1.09898e-05,6.21276e-05
3,920,25,25,7.0126e-06,6.988e-06,2.63151e-05
3,920,26,26,1.71098e-06,2.57291e-05,6.86078e-05
3,920,27,27,2.74402e-06,4.00668e-06,5.93766e-05
3,920,28,28,0.000122575,2.15109e-05,6.86122e-05
3,920,29,29,9.38914e-06,7.38746e-06,5.44853e-05
3,920,30,30,8.09441e-06,1.70526e-05,6.86095e-05
3,920,31,31,0.000122576,2.34419e-05,6.79828e-05
3,920,32,32,4.00285e-06,6.96857e-06,6.85954e-05
3,920,33,33,2.262e-05,9.27188e-06,6.86088e-05
3,920,34,34,0.000122575,2.00167e-05,6.84872e-05
3,920,35,35,1.59905e-06,2.90084e-05,6.8609e-05
3,920,36,36,0.000122575,1.99588e-05,6.83231e-05
3,920,37,37,4.80134e-06,8.5505e-06,5.05955e-05
3,920,38,38,6.10303e-06,1.44514e-05,6.85998e-05
3,920,39,39,5.05527e-06,6.44138e-06,6.86035e-05
3,920,40,40,0.000122576,2.11362e-05,6.7448e-05
3,920,41,41,0.000122576,2.26397e-05,6.77342e-05
3,920,42,42,0.000122575,1.94024e-05,6.85791e-05
3,920,43,43,0.000122576,2.31277e-05,6.39621e-05
3,920,44,44,8.09871e-06,1.05991e-05,5.44366e-05
3,920,45,45,9.83749e-06,1.14454e-05,6.85688e-05
3,920,46,46,1.74941e-05,7.93354e-06,6.86024e-05
3,920,47,47,0.000122575,1.99428e-05,6.84008e-05
3,920,48,48,4.15045e-06,5.26687e-06,6.42388e-05
3,920,49,49,0.000122576,2.10345e-05,6.8202e-05
3,920,50,50,0.000122575,2.15103e-05,6.86122e-05
3,920,51,51,3.15987e-06,6.35802e-05,6.70164e-05
3,920,52,52,1.00779e-05,0.000104761,6.86031e-05
3,920,53,53,3.07449e-06,6.09591e-06,6.73792e-05
3,920,54,54,0.000122575,2.10393e-05,6.86122e-05
3,920,55,55,4.60578e-06,5.44049e-06,2.3029e-05
3,920,56,56,0.000122576,2.2455e-05,6.77501e-05
3,920,57,57,0.000122576,2.15528e-05,6.44846e-05
3,920,58,58,0.000122576,2.18068e-05,6.32546e-05
3,920,59,59,1.89084e-06,4.35354e-06,3.27509e-05
3,920,60,60,1.80798e-06,4.45647e-06,6.85869e-05
3,920,61,61,1.60382e-06,4.52955e-06,3.63103e-05
3,920,62,62,1.47579e-05,1.10148e-05,6.85857e-05
3,920,63,63,0.000122575,2.03621e-05,6.86123e-05
3,920,64,64,2.78693e-06,6.701e-06,5.16833e-05
3,920,65,65,1.59562e-06,6.25345e-06,5.25816e-05
3,920,66,66,9.07469e-06,7.25033e-06,6.85863e-05
3,920,67,67,0.000122576,2.18704e-05,6.72733e-05
3,920,68,68,3.30475e-05,1.3304e-05,6.75655e-05
3,920,69,69,0.000122575,2.20601e-05,6.86121e-05
3,920,70,70,3.15041e-06,4.83596e-06,5.38659e-05
3,920,71,71,6.43126e-06,2.71568e-05,5.57667e-05
3,920,72,72,0.000122576,2.08549e-05,6.78795e-05
3,920,73,73,0.000122576,2.32077e-05,6.79135e-05
3,920,74,74,2.49191e-05,1.05742e-05,5.784e-05
3,920,75,75,1.66873e-05,3.45569e-05,6.86034e-05
3,920,76,76,4.60099e-06,5.76162e-06,6.54078e-05
3,920,77,77,1.19742e-05,8.78852e-06,4.82999e-05
3,920,78,78,0.000122575,2.02022e-05,6.86123e-05
3,920,79,79,1.20673e-05,9.34987e-06,6.8577e-05
3,920,80,80,1.87703e-06,4.46819e-06,6.85984e-05
3,920,81,81,0.00012258,1.87367e-05,6.86125e-05
3,920,82,82,1.33525e-05,9.76533e-06,3.39838e-05
3,920,83,83,0.000122575,1.99259e-05,6.85164e-05
3,920,84,84,0.000122576,2.09255e-05,6.69358e-05
3,920,85,85,0.000122575,2.20286e-05,6.86121e-05
3,920,86,86,9.68393e-06,1.32717e-05,6.86088e-05
3,920,87,87,8.75826e-06,7.15638e-06,5.50728e-05
3,920,88,88,8.18801e-06,6.57844e-06,6.85842e-05
3,920,89,89,1.90761e-06,2.64765e-05,5.1402e-05
3,920,90,90,4.21225e-06,5.81894e-06,3.27434e-05
3,920,91,91,2.05187e-06,4.41289e-06,5.06403e-05
3,920,92,92,1.29629e-05,4.00477e-05,6.86062e-05
3,920,93,93,0.000122575,2.01919e-05,6.86123e-05
3,920,94,94,5.90099e-06,1.88696e-05,5.81959e-05
3,920,95,95,1.84495e-06,3.80951e-06,3.70459e-05
3,920,96,96,3.51102e-06,8.09808e-06,5.7174e-05
3,920,97,97,0.000122575,2.16758e-05,6.86121e-05
3,920,98,98,0.000122576,1.98856e-05,6.79326e-05
3,920,99,99,2.03309e-06,7.58826e-06,5.45876e-05
3,920,100,100,7.65784e-06,1.72542e-05,6.86004e-05
3,920,101,101,9.21035e-06,5.88984e-06,6.58532e-05
3,920,102,102,6.48358e-06,6.66247e-06,2.89027e-05
3,920,103,103,0.000122575,2.11331e-05,6.86122e-05
3,920,104,104,5.16231e-06,4.7256e-06,6.86e-05
3,920,105,105,1.21092e-05,1.00878e-05,6.85741e-05
3,920,106,106,3.44361e-06,1.74244e-05,6.77482e-05
3,920,107,107,0.000122576,2.32927e-05,6.81589e-05
3,920,108,108,0.000109143,2.00105e-05,6.50505e-05
3,920,109,109,1.40858e-05,1.73211e-05,4.42892e-05
3,920,110,110,3.02752e-06,3.59828e-05,6.73047e-05
3,920,111,111,2.15338e-05,8.47924e-06,6.05325e-05
3,920,112,112,9.06849e-05,1.73856e-05,6.86114e-05
3,920,113,113,1.65431e-06,1.02042e-05,4.98302e-05
3,920,114,114,0.000122575,1.98546e-05,6.86124e-05
3,920,115,115,0.000122576,2.24916e-05,6.7037e-05
3,920,116,116,0.000122575,1.90545e-05,6.84584e-05
3,920,117,117,7.07525e-06,6.96315e-06,5.98649e-05
3,920,118,118,0.000122576,2.05994e-05,6.65703e-05
3,920,119,119,6.0403e-05,1.55177e-05,5.66219e-05
3,920,120,120,7.15136e-06,7.94152e-06,6.85924e-05
3,920,121,121,3.28164e-06,1.36754e-05,6.86018e-05
3,920,122,122,3.83506e-06,1.09815e-05,5.46763e-05
3,920,123,123,8.14019e-06,9.21752e-06,6.85732e-05
3,920,124,124,3.92037e-06,5.44069e-05,5.97486e-05
3,920,125,125,2.08801e-05,9.31146e-06,5.17537e-05
3,920,126,126,1.22504e-05,9.68226e-06,6.81607e-05
3,920,127,127,4.20235e-05,1.06325e-05,6.81361e-05
3,920,128,128,1.60471e-06,4.0522e-06,5.26682e-05
3,920,129,129,1.88504e-06,4.59096e-06,6.85987e-05
3,920,130,130,0.000122575,1.88193e-05,6.85959e-05
3,920,131,131,0.000122575,2.03147e-05,6.86123e-05
3,920,132,132,0.000122575,2.15621e-05,6.86122e-05
3,920,133,133,3.3173e-06,4.10482e-05,6.86094e-05
3,920,134,134,3.51274e-06,4.85015e-06,6.86005e-05
3,920,135,135,2.35503e-06,9.6493e-06,3.86572e-05
3,920,136,136,4.61783e-06,4.85844e-06,6.85887e-05
3,920,137,137,1.84866e-06,4.32896e-06,6.85952e-05
3,920,138,138,0.00012258,1.87367e-05,6.86125e-05
3,920,139,139,0.00012258,1.87458e-05,6.86125e-05
3,920,140,140,0.000122576,1.93116e-05,6.81635e-05
3,920,141,141,0.000122576,2.16253e-05,6.76176e-05
3,920,142,142,1.05172e-05,1.63868e-05,5.7679e-05
3,920,143,143,1.65714e-06,9.97386e-06,6.86022e-05
3,920,144,144,0.000122576,2.09812e-05,6.73403e-05
3,920,145,145,3.46779e-06,6.56519e-05,6.85139e-05
3,920,146,146,1.56418e-05,1.22637e-05,6.8572e-05
3,920,147,147,0.000122575,2.23657e-05,6.85483e-05
3,920,148,148,1.68734e-06,4.9833e-06,6.57563e-05
3,920,149,149,5.22069e-06,2.71274e-05,6.86057e-05
3,920,150,150,0.00012258,1.87367e-05,6.86125e-05
3,920,151,151,1.49682e-05,5.35785e-05,6.86085e-05
3,920,152,152,0.000122576,2.24972e-05,6.59613e-05
3,920,153,153,2.996e-06,4.85974e-06,4.83622e-05
3,920,154,154,0.000122575,1.95478e-05,6.86118e-05
3,920,155,155,1.08773e-05,0.000105884,6.86125e-05
3,920,156,156,9.74745e-06,7.55869e-06,3.94798e-05
3,920,157,157,9.68915e-06,1.09248e-05,5.0112e-05
3,920,158,158,4.44975e-06,2.77527e-05,6.86062e-05
3,920,159,159,9.09364e-06,7.07951e-06,6.85842e-05
3,920,160,160,1.61251e-06,6.12107e-06,5.29791e-05
3,920,161,161,0.000120428,1.91815e-05,6.77256e-05
3,920,162,162,8.47567e-06,7.06369e-06,2.24986e-05
3,920,163,163,2.41965e-06,3.92664e-06,3.25416e-05
3,920,164,164,0.000120761,2.22379e-05,6.60143e-05
3,920,165,165,0.000122575,2.08457e-05,6.85341e-05
3,920,166,166,1.99002e-05,1.92102e-05,6.85928e-05
3,920,167,167,2.86917e-06,5.7179e-06,6.85818e-05
3,920,168,168,4.93067e-06,8.24729e-06,5.8206e-05
3,920,169,169,0.000122576,2.00544e-05,6.76665e-05
3,920,170,170,0.000122576,2.22276e-05,6.79794e-05
3,920,171,171,3.76106e-06,1.71698e-05,6.86031e-05
3,920,172,172,7.5757e-05,1.72226e-05,6.861e-05
3,920,173,173,8.16082e-06,6.57412e-06,6.8585e-05
3,920,174,174,1.67085e-05,3.00893e-05,6.50717e-05
3,920,175,175,8.465e-06,8.78704e-06,4.36852e-05
3,920,176,176,2.23958e-06,4.41048e-06,4.98493e-05
3,920,177,177,1.08195e-05,2.59037e-05,5.94386e-05
3,920,178,178,0.000122576,2.19495e-05,6.71287e-05
3,920,179,179,1.05765e-05,6.37843e-06,5.22406e-05
3,920,180,180,4.50496e-06,1.18298e-05,6.86068e-05
3,920,181,181,3.04282e-06,1.71998e-05,6.86079e-05
3,920,182,182,5.67852e-06,5.30222e-06,4.38099e-05
3,920,183,183,3.02756e-06,1.23413e-05,6.72021e-05
3,920,184,184,2.56696e-06,6.18974e-06,3.69273e-05
3,920,185,185,1.03362e-05,0.00010513,6.85893e-05
3,920,186,186,0.000122575,2.09505e-05,6.86122e-05
3,920,187,187,0.000122576,2.09803e-05,6.63216e-05
3,920,188,188,5.16076e-06,9.61944e-05,6.86125e-05
3,920,189,189,1.42926e-05,1.66224e-05,5.86557e-05
3,920,190,190,0.000122576,1.99292e-05,6.71025e-05
3,920,191,191,1.81726e-06,1.143e-05,6.66978e-05
3,920,192,192,1.27686e-05,1.04824e-05,6.85737e-05
3,920,193,193,8.69991e-05,1.52589e-05,6.86119e-05
3,920,194,194,8.30745e-06,7.11763e-06,6.56821e-05
3,920,195,195,0.000122575,2.29404e-05,6.8612e-05
3,920,196,196,9.76611e-06,5.76727e-06,6.86014e-05
3,920,197,197,1.62253e-05,7.05539e-05,6.83955e-05
3,920,198,198,1.81909e-06,1.73233e-05,6.37118e-05
3,920,base,base,3.86726e-06,5.3181e-06,6.25759e-05
